productName,productSubtitle,ProductPrice,productRatingCount,ProductTotalRating,productshiping,productseller
Apple iPhone 13 Pro 128GB Unlocked AT&T T-Mobile Verizon Good Condition,FREE FEDEX 2 DAY - 60 DAY RETURNS - 1 YEAR WARRANTY,$484.95,0,0,from United States,"supplytronics (102,862) 98.8%"
Moto G Stylus 5G - 128gb - Green (Unlocked) (MUST READ DESCRIPTION),Pre-Owned Â· Motorola Moto G Stylus (2021) Â· 128 GB Â· Unlocked,$60.00,0,0,from United States,"electronics-4u (246,022) 98.1%"
Apple iPhone 12 mini - 128 GB - White (Unlocked) (Dual SIM),Pre-Owned Â· Apple iPhone 12 mini Â· 128 GB Â· Unlocked,$124.00,4.5 out of 5 stars.,14,from United States,waldinskipetetstreasurechest (93) 100%
OnePlus 10T 5G 128GB Moonstone Black  T-Mobile Unlocked Smartphone - Brand New.,Free 2 Day Delivery - Order Placed B4 1000 Hrs CST,$279.99,4.5 out of 5 stars.,15,from United States,"amazing-wireless (135,174) 99.4%"
Google Pixel 6 - 6 Pro - 128/256 GB - Unlocked/T-Mobile/AT&T/Verizon - Good,Ships Same Day - Charger Included - Free Return,$154.60 to $235.40,4.5 out of 5 stars.,2,from United States,"electro-dealz (3,132) 99.1%"
Google Pixel 6 - 6 Pro - 128/256 GB - Unlocked/T-Mobile/AT&T/Verizon - Excellent,Ships Same Day - Charger Included - Free Returns,$208.99,5.0 out of 5 stars.,9,from United States,"electro-dealz (3,132) 99.1%"
Apple iPhone 11 - 64GB 128GB - Unlocked Verizon AT&T Cricket T-Mobile - Good!,Very Good - Refurbished,$214.95 to $254.95,4.5 out of 5 stars.,58,from United States,"tech-hobbies (4,407) 99.1%"
Samsung Galaxy A52 5G SM-A526U1 Fully Unlocked 128GB Awesome Black READ,Pre-Owned Â· Samsung Galaxy A52 5G Â· 128 GB Â· AT&T,$51.00,4.5 out of 5 stars.,62,from United States,"gadget-solutions (1,448) 96.7%"
Samsung Galaxy S21 | S21+ Plus 5G - 128GB - Unlocked | Verizon | T-Mobile | AT&T,Open Box,$204.95 to $329.95,5.0 out of 5 stars.,18,from United States,"ideal-mobile (4,311) 99.4%"
Apple iPhone 13 mini 128GB Factory Unlocked AT&T T-Mobile Verizon Very Good,FREE FEDEX 2 DAY - 60 DAY RETURNS - 1 YEAR WARRANTY,$361.95,0,0,from United States,"supplytronics (102,862) 98.8%"
Apple iPhone 8 Plus A1864 256GB Gold Fully Unlocked WIFI,Pre-Owned Â· Apple iPhone 8 Plus Â· 256 GB Â· AT&T,$89.88,4.5 out of 5 stars.,82,from United States,"gadget-solutions (1,448) 96.7%"
Apple iPhone 12 Pro 128GB Unlocked AT&T T-Mobile Verizon Excellent Condition,FREE FEDEX 2 DAY - 60 DAY RETURNS - 1 YEAR WARRANTY,$379.95,4.0 out of 5 stars.,3,from United States,"supplytronics (102,862) 98.8%"
Samsung Galaxy S10 S10e S10+ Plus 128GB 512GB Unlocked Verizon T-Mobile AT&T ,Open Box,$124.85 to $214.85,5.0 out of 5 stars.,30,from United States,"tech-hobbies (4,407) 99.1%"
"Apple iPhone 8 (Great Condition) Factory Unlocked, AT&T, T-Mobile or Verizon",Pre-Owned,$127.99 to $212.99,0,0,from United States,"cocosprinkles (31,800) 99.6%"
"Apple iPhone 8 (Fair Condition) Factory Unlocked, AT&T, T-Mobile or Verizon",Pre-Owned,$117.99 to $162.99,4.5 out of 5 stars.,29,from United States,"cocosprinkles (31,800) 99.6%"
T-Mobile Revvl 6 Pro 5G 128GB T-Mobile Unlocked LTE Smartphone USED 5126,Pre-Owned Â· T-Mobile Revvl Â· 128 GB Â· Unlocked,$77.76,4.0 out of 5 stars.,17,from United States,"discountphonedepot (4,212) 97.4%"
Apple iPhone 5c - 8GB 16GB 32GB Unlocked 4G Mobile phone FULL Working Sealed box,Pre-Owned,$36.00 to $42.00,4.0 out of 5 stars.,50,from China,used-phone-working-perfectly (83) 100%
Apple iPhone SE 2nd Gen A2275 64GB Red Fully Unlocked READ,Parts Only Â· Apple iPhone SE (2nd Generation) Â· 64 GB Â· AT&T,$27.00,5.0 out of 5 stars.,82,from United States,"gadget-solutions (1,448) 96.7%"
Apple iPhone X 256GB Factory Unlocked AT&T T-Mobile Verizon Good Condition,FREE FEDEX 2 DAY - 60 DAY RETURNS - 1 YEAR WARRANTY,$186.95,4.5 out of 5 stars.,314,from United States,"supplytronics (102,862) 98.8%"
HTC HD2 Leo - T8585 - Black (Unlocked) GSM WiFi Windows Mobile Touch Smartphone,Pre-Owned Â· HTC HD2 Â· 512 MB Â· Unlocked,$29.99,4.5 out of 5 stars.,282,from United States,"containerdot (3,571) 99.7%"
Apple iPhone 12 Pro 128GB Unlocked AT&T T-Mobile Verizon Very Good Condition,FREE FEDEX 2 DAY - 60 DAY RETURNS - 1 YEAR WARRANTY,$359.95,5.0 out of 5 stars.,2,from United States,"supplytronics (102,862) 98.8%"
iPhone 11 - 128GB - T-Mobile (Read Description) AF1069,Pre-Owned Â· Apple iPhone 11 Â· 128 GB Â· T-Mobile,$110.00,5.0 out of 5 stars.,9,from United States,"buybackboss (14,783) 98.8%"
"i15 Pro Max 5G Factory Unlocked Smartphone 7.3"" Dual Sim Android Mobile Phones",âœ…Fast Shippingâœ…4G&5G Global Versionâœ…Best Quality Phone,$198.99 to $262.33,0,0,from China,amyking (205) 90.5%
Apple iPhone 12 Pro Max - 128 GB - Blue (For T-Mobile Smartphone),Pre-Owned Â· Apple iPhone 12 Pro Max Â· 128 GB Â· T-Mobile,$316.00,5.0 out of 5 stars.,10,from United States,"electronics-4u (246,022) 98.1%"
Apple iPhone 11 Pro Max 256GB Unlocked AT&T T-Mobile Verizon Very Good Condition,FREE FEDEX 2 DAY - 60 DAY RETURNS - 1 YEAR WARRANTY,$364.95,5.0 out of 5 stars.,87,from United States,"supplytronics (102,862) 98.8%"
Samsung Galaxy S10e/S10/S10+ Plus - Verizon/T-Mobile/AT&T Or Unlocked- Good,Same Day Free Shipping - Charger Included - Free Return,$113.99 to $189.99,4.5 out of 5 stars.,56,from United States,"electro-dealz (3,132) 99.1%"
Apple iPhone 13 mini 128GB Factory Unlocked AT&T T-Mobile Verizon Fair Condition,FREE FEDEX 2 DAY DELIVERY NATIONWIDE AND 60 DAY RETURNS,$309.95,0,0,from United States,"supplytronics (102,862) 98.8%"
Simple Mobile By T-Mobile Samsung Galaxy J2,Brand New Â· Samsung Galaxy J2 Â· 16 GB,$22.50,0,0,from United States,"thriftonic (89,841) 98.8%"
Apple iPhone 8 Plus (Fair Condition) Factory Unlocked Verizon AT&T T-Mobile,Pre-Owned,$222.99,0,0,from United States,"cocosprinkles (31,800) 99.6%"
Apple iPhone 8 | 8+ Plus - 64GB 128GB 256GB - GSM Unlocked Verizon AT&T T-Mobile,Very Good - Refurbished,$94.95 to $244.95,4.5 out of 5 stars.,125,from United States,"tech-hobbies (4,407) 99.1%"
"S23 Ultra 6.8"" 8GB+256GB Smartphone Android 12 Unlocked 5G LTE Mobile Phones~NEW",Brand New,$95.53,0,0,from China,"laoyae (1,834) 94.5%"
Apple iPhone 6/6s 16GB 32GB 128GB Unlocked Verizon Hayai Mobile AT&T 4G LTE,Pre-Owned,$37.00 to $105.00,4.5 out of 5 stars.,175,from United States,"solarcprod (6,506) 97.2%"
Apple iPhone 12 mini 64GB Unlocked AT&T T-Mobile Verizon Very Good Condition,FREE FEDEX 2 DAY - 60 DAY RETURNS - 1 YEAR WARRANTY,$227.95,4.0 out of 5 stars.,8,from United States,"supplytronics (102,862) 98.8%"
Apple iPhone 13 Pro 128GB Unlocked AT&T T-Mobile Verizon Very Good Condition,FREE FEDEX 2 DAY - 60 DAY RETURNS - 1 YEAR WARRANTY,$499.95,5.0 out of 5 stars.,1,from United States,"supplytronics (102,862) 98.8%"
Apple iPhone iPhone 12 Mini - 64GB - Red (T-Mobile) (Read Description) AD1032,Pre-Owned Â· Apple iPhone 12 mini Â· 64 GB Â· T-Mobile,$175.00,5.0 out of 5 stars.,5,from United States,"buybackboss (14,783) 98.8%"
Apple iPhone 14 128GB Factory Unlocked AT&T T-Mobile Verizon Good Condition,FREE FEDEX 2 DAY - 60 DAY RETURNS - 1 YEAR WARRANTY,$479.95,5.0 out of 5 stars.,6,from United States,"supplytronics (102,862) 98.8%"
Apple iPhone 12 mini 128GB Factory Unlocked AT&T T-Mobile Verizon Fair Condition,FREE FEDEX 2 DAY DELIVERY NATIONWIDE AND 60 DAY RETURNS,$204.95,4.5 out of 5 stars.,6,from United States,"supplytronics (102,862) 98.8%"
Apple iPhone 12 mini 256GB Factory Unlocked AT&T T-Mobile Verizon Good Condition,FREE FEDEX 2 DAY - 60 DAY RETURNS - 1 YEAR WARRANTY,$242.95,0,0,from United States,"supplytronics (102,862) 98.8%"
Apple iPhone 6 Plus 16GB 64GB Factory Unlocked AT&T T-mobile Verizon Good,Pre-Owned,$48.00 to $99.00,0,0,from United States,"solarcprod (6,506) 97.2%"
Apple iPhone X | XR | XS | XS Max 64GB 128GB 256GB Unlocked Verizon AT&T - Good!,1 Year Warranty - Free 2-Day Shipping - Free Returns,$149.95 to $329.95,4.5 out of 5 stars.,17,from United States,"tech-hobbies (4,407) 99.1%"
Samsung Galaxy S20 / S20+ /S20 FE 5G - Unlocked/T-Mobile/Verizon/AT&T- Excellent,Ships Same Day - Charger Included - Free Returns,$137.24 to $203.33,5.0 out of 5 stars.,5,from United States,"electro-dealz (3,132) 99.1%"
COOLPAD Belleza 3321 CP3321AT T-MOBILE GSM Unlocked 8GB 4G LTE Flip Phone,Brand New Â· 8 GB Â· T-Mobile,$39.95,0,0,from United States,"best_deal_today (274,581) 99.3%"
Apple iPhone 12 mini 64GB Factory Unlocked AT&T T-Mobile Verizon Good Condition,FREE FEDEX 2 DAY - 60 DAY RETURNS - 1 YEAR WARRANTY,$224.95,0,0,from United States,"supplytronics (102,862) 98.8%"
Apple iPhone 12 64GB Factory Unlocked AT&T T-Mobile Verizon Good Condition,FREE FEDEX 2 DAY - 60 DAY RETURNS - 1 YEAR WARRANTY,$272.95,5.0 out of 5 stars.,20,from United States,"supplytronics (102,862) 98.8%"
Samsung Galaxy A14 5G SM-A415U 64GB AT&T T-Mobile MetroPCS Verizon Unlocked,AT&T|T-Mobile|Metro|Cricket Wireles|Boost|Unlocked,$79.99 to $99.99,5.0 out of 5 stars.,1,from United States,"fonelogics (4,249) 98.3%"
Motorola RAZR V3 Flip Bluetooth GSM 850 /900 /1800 /1900 Unlocked Mobile Phone,Pre-Owned,$32.00,0,0,from United States,reddotelec (47) 86.4%
Samsung Galaxy A54 5G 128GB SM-A546 50 MP (Unlocked T-Mobile AT&T) 2Day Fedex,Cricket Xfinity MetroPCS Tracfone Verizon Wireless,$219.99 to $259.99,4.5 out of 5 stars.,15,from United States,"fonelogics (4,249) 98.3%"
Apple iPhone 12 Pro 256GB Unlocked AT&T T-Mobile Verizon Excellent Condition,FREE FEDEX 2 DAY - 60 DAY RETURNS - 1 YEAR WARRANTY,$399.95,5.0 out of 5 stars.,1,from United States,"supplytronics (102,862) 98.8%"
Apple iPhone SE 3rd Gen  - A2595 - 64GB | 128GB | 256GB (Unlocked) Smartphone,Open Box,$189.95 to $244.95,5.0 out of 5 stars.,20,from United States,"uki-mobile (2,656) 99.3%"
SAMSUNG C3520 Mobile Phone Bluetooth MP3 Radio GSM Flip Unlocked Moblile phone,Pre-Owned,$34.00,0,0,from United States,miyaphones888 (284) 94.2%
Apple iPhone 11 - 64-256GB - Fully Unlocked - Display Message - VERY GOOD,1 YEAR WARRANTYðŸ”¥60 DAY FREE RETURNSðŸ”¥FREE FEDEX 2 DAY,$194.95 to $194.97,4.5 out of 5 stars.,14,from United States,"gadget-solutions (1,448) 96.7%"
"S23 Ultra 5G Smartphone 7.3"" 8GB+256GB Factory Unlocked Android 13 Mobile Phones",Brand New,$138.88,0,0,from China,zhilian9 (22) 92.3%
Wingtech REVVL V+ 5G REVVL V+ 5G T-mobile Unlocked 64GB Black C,"Free Shipping, Free 30 Day Returns",$54.99,0,0,from United States,"yywirelesss (133,584) 98.3%"
Apple iPhone 12 Pro 256GB Unlocked AT&T T-Mobile Verizon Very Good Condition,FREE FEDEX 2 DAY - 60 DAY RETURNS - 1 YEAR WARRANTY,$379.95,4.5 out of 5 stars.,2,from United States,"supplytronics (102,862) 98.8%"
"Samsung Galaxy A23 5G SM-A236U, 64GB, Black Unlocked/ Locked T-Mobile AT&T",AT&T|T-Mobile|Metro|Cricket Wireles|Boost|Unlocked,$99.99 to $139.99,5.0 out of 5 stars.,13,from United States,"partlogics (13,843) 99.1%"
Apple iPhone 15 128GB Factory Unlocked AT&T T-Mobile Verizon Very Good Condition,FREE FEDEX 2 DAY - 60 DAY RETURNS - 1 YEAR WARRANTY,$664.95,0,0,from United States,"supplytronics (102,862) 98.8%"
Apple iPhone 11 64GB 128GB - Unlocked Verizon AT&T Cricket T-Mobile - Excellent!,Very Good - Refurbished,$229.95 to $279.95,5.0 out of 5 stars.,75,from United States,"tech-hobbies (4,407) 99.1%"
Apple iPhone 11 Pro Max 64GB Unlocked AT&T T-Mobile Verizon Very Good Condition,FREE FEDEX 2 DAY - 60 DAY RETURNS - 1 YEAR WARRANTY,$334.95,4.5 out of 5 stars.,36,from United States,"supplytronics (102,862) 98.8%"
New ListingApple iPhone 7 | 7+ Plus 32GB 128GB 256GB Unlocked Verizon AT&T T-Mobile - Good!,Very Good - Refurbished,$74.95 to $179.95,4.5 out of 5 stars.,280,from United States,"tech-hobbies (4,407) 99.1%"
Tmobile REVVL 4+ (plus) 64GB (T-mobile Unlocked) Unlocked gsm 9/10 **,Pre-Owned Â· T-Mobile Revvl Plus Â· 64 GB Â· T-Mobile,$54.90,4.0 out of 5 stars.,5,from United States,"onewizard (18,697) 98.6%"
Apple iPhone 7 - 128GB - All Colors - Unlocked - Good Condition,Pre-Owned,$78.00 to $110.00,0,0,from United States,"solarcprod (6,506) 97.2%"
Apple iPhone 6 16GB 64GB 128GB Factory Unlocked AT&T Verizon TMobile Sprint Min,Pre-Owned,$37.00 to $103.00,0,0,from United States,"solarcprod (6,506) 97.2%"
Apple iPhone 8 | 8 Plus 64GB 128GB 256GB - All Colors (Unlocked) - Good,Good - Refurbished,$124.95 to $234.95,0,0,from United States,"uki-mobile (2,656) 99.3%"
Apple iPhone 11 64GB 128GB - Unlocked Verizon AT&T Cricket T-Mobile - Excellent!,Very Good - Refurbished,$229.95 to $279.95,5.0 out of 5 stars.,75,from United States,"tech-hobbies (4,407) 99.1%"
Apple iPhone 12 128GB Factory Unlocked AT&T T-Mobile Verizon Very Good Condition,FREE FEDEX 2 DAY - 60 DAY RETURNS - 1 YEAR WARRANTY,$304.95,5.0 out of 5 stars.,7,from United States,"supplytronics (102,862) 98.8%"
Apple iPhone 12 64GB- Fully Unlocked All Mobile Carriers VERY GOOD,1 YEAR WARRANTYðŸ”¥60 DAY FREE RETURNSðŸ”¥FREE FEDEX 2 DAY,$273.95 to $309.95,5.0 out of 5 stars.,4,from United States,"gadget-solutions (1,448) 96.7%"
Apple iPhone SE 3rd Gen  - A2595 - 64GB | 128GB | 256GB (Unlocked) Smartphone,Open Box,$189.95 to $244.95,5.0 out of 5 stars.,20,from United States,"uki-mobile (2,656) 99.3%"
Apple iPhone 15 Pro 128GB Unlocked AT&T T-Mobile Verizon Very Good Condition,FREE FEDEX 2 DAY - 60 DAY RETURNS - 1 YEAR WARRANTY,$844.95,0,0,from United States,"supplytronics (102,862) 98.8%"
OnePlus 10 Pro NE2217 T-Mobile Unlocked 128GB Black Good,"Free Shipping, Free 30 Day Returns",$249.99,0,0,from United States,"yywirelesss (133,584) 98.3%"
Apple iPhone 12 mini 256GB Unlocked AT&T T-Mobile Verizon Very Good Condition,FREE FEDEX 2 DAY - 60 DAY RETURNS - 1 YEAR WARRANTY,$267.95,5.0 out of 5 stars.,1,from United States,"supplytronics (102,862) 98.8%"
Apple iPhone 12 256GB Factory Unlocked AT&T T-Mobile Verizon Very Good Condition,FREE FEDEX 2 DAY - 60 DAY RETURNS - 1 YEAR WARRANTY,$319.95,5.0 out of 5 stars.,4,from United States,"supplytronics (102,862) 98.8%"
"S23 Ultra 5G Smartphone 7.3"" 8GB+256GB Factory Unlocked Android 13 Mobile Phones",Brand New,$138.88,0,0,from China,zhilian9 (22) 92.3%
Samsung Galaxy S9 & S9+ Plus 64GB 128GB 256GB - Unlocked AT&T T-Mobile Verizon,Open Box,$104.94 to $194.94,4.5 out of 5 stars.,16,from United States,"ideal-mobile (4,311) 99.4%"
Apple iPhone 8 | 8 Plus 64GB 128GB 256GB - All Colors (Unlocked) - Excellent,Excellent - Refurbished,$99.95 to $249.95,0,0,from United States,"uki-mobile (2,656) 99.3%"
Samsung Galaxy S10 | S10e | S10+ Plus 128GB 512GB Unlocked AT&T Verizon T-Mobile,Open Box,$134.95 to $229.95,4.5 out of 5 stars.,4,from United States,"uki-mobile (2,656) 99.3%"
Motorola Edge Plus XT2201-3 T-mobile AT&T Verizon Unlocked 512GB Blue NEW in BOX,"Free Shipping, Free 30 Day Returns",$319.99,0,0,from United States,"yywirelesss (133,584) 98.3%"
Apple iPhone 12 64GB A2172 Factory Unlocked AT&T T-Mobile Verizon Very Good,8/10 Condition âœ” Genuine Charger âœ” Free FedEx 2Day,$304.00,4.5 out of 5 stars.,30,from United States,"creo_cellular (29,847) 97.1%"
Punkt MP02 4G Mobile Phone Black NEW GEN w Screen Protectors ,Pre-Owned Â· 16 GB Â· Unlocked,$230.00,5.0 out of 5 stars.,2,from United States,newyorkyankees12 (167) 100%
Apple iPhone X | XR | XS | XS Max 64GB 128GB 256GB Unlocked Verizon AT&T - Good!,1 Year Warranty - Free 2-Day Shipping - Free Returns,$149.95 to $329.95,4.5 out of 5 stars.,18,from United States,"tech-hobbies (4,407) 99.1%"
Apple iPhone 11 - 64-256GB - Fully Unlocked - Display Message - VERY GOOD,1 YEAR WARRANTYðŸ”¥60 DAY FREE RETURNSðŸ”¥FREE FEDEX 2 DAY,$194.95 to $194.97,4.5 out of 5 stars.,14,from United States,"gadget-solutions (1,448) 96.7%"
Apple iPhone 12 128GB Factory Unlocked AT&T T-Mobile Verizon Good Condition,FREE FEDEX 2 DAY - 60 DAY RETURNS - 1 YEAR WARRANTY,$284.95,0,0,from United States,"supplytronics (102,862) 98.8%"
OnePlus 9 Pro LE2127 T-Mobile Unlocked 256GB Silver C,"Free Shipping, Free 30 Day Returns",$219.99,0,0,from United States,"yywirelesss (133,584) 98.3%"
OnePlus 10T 5G 128GB Moonstone Black  T-Mobile Only Smartphone - Brand New.,Brand New Â· OnePlus 10T 5G Â· 128 GB Â· T-Mobile,$269.99,0,0,from United States,"amazing-wireless (135,174) 99.4%"
Apple iPhone 12 mini 64GB Factory Unlocked AT&T T-Mobile Verizon Fair Condition,FREE FEDEX 2 DAY DELIVERY NATIONWIDE AND 60 DAY RETURNS,$199.95,4.5 out of 5 stars.,23,from United States,"supplytronics (102,862) 98.8%"
Original Ericsson T28 T28s T29 T39 Mobile cell Phone 2G GSM Unlocked,Pre-Owned Â· Ericsson T28 Â· 2 GB Â· Unlocked,$68.00,0,0,from China,xmb-2188 (293) 93.9%
Apple iPhone 13 mini 128GB Factory Unlocked AT&T T-Mobile Verizon Excellent,FREE FEDEX 2 DAY - 60 DAY RETURNS - 1 YEAR WARRANTY,$387.95,0,0,from United States,"supplytronics (102,862) 98.8%"
Google Pixel 7 - 7 Pro - 128/256 GB - Unlocked/T-Mobile/AT&T/Verizon - Good,Ships Same Day - Charger Included - Free Returns,$229.99 to $309.99,5.0 out of 5 stars.,5,from United States,"electro-dealz (3,132) 99.1%"
Unlocked SOYES XS14 Super Mini Mobile Phone 4G LTE 3GB 64GB Android Quad Core,Brand New,$75.99 to $94.99,0,0,from China,"huayingxing2 (2,066) 96.2%"
Apple iPhone 11 64GB Unlocked Verizon At&t T-Mobile GSM/CDMA 4G,Pre-Owned,$162.00 to $241.00,4.5 out of 5 stars.,61,from United States,"solarcprod (6,506) 97.2%"
Samsung Galaxy S8 | S8+ Plus 64GB Unlocked Verizon T-Mobile AT&T Metro Sprint,Open Box,$84.94 to $154.95,4.5 out of 5 stars.,7,from United States,"uki-mobile (2,656) 99.3%"
Apple iPhone 12 64GB Factory Unlocked AT&T T-Mobile Verizon Very Good Condition,FREE FEDEX 2 DAY - 60 DAY RETURNS - 1 YEAR WARRANTY,$277.95,5.0 out of 5 stars.,20,from United States,"supplytronics (102,862) 98.8%"
Apple iPhone 11 Pro 64GB Factory Unlocked AT&T T-Mobile Verizon Good Condition,FREE FEDEX 2 DAY - 60 DAY RETURNS - 1 YEAR WARRANTY,$277.95,4.5 out of 5 stars.,3,from United States,"supplytronics (102,862) 98.8%"
Apple iPhone 12 64GB Factory Unlocked AT&T T-Mobile Verizon Excellent Condition,FREE FEDEX 2 DAY - 60 DAY RETURNS - 1 YEAR WARRANTY,$284.95,5.0 out of 5 stars.,2,from United States,"supplytronics (102,862) 98.8%"
Apple iPhone 14 - 128GB - T-Mobile - Midnight - 5G Smartphone - EXCELLENT!,Excellent - Refurbished Â· Apple iPhone 14 Â· 128 GB Â· T-Mobile,$439.99,5.0 out of 5 stars.,3,from United States,"pocketaces_deals (3,742) 99.8%"
Apple iPhone 14 Plus 128GB Unlocked AT&T T-Mobile Verizon Very Good Condition,FREE FEDEX 2 DAY - 60 DAY RETURNS - 1 YEAR WARRANTY,$534.95,3.5 out of 5 stars.,3,from United States,"supplytronics (102,862) 98.8%"
Apple iPhone 12 128GB Factory Unlocked AT&T T-Mobile Verizon Excellent Condition,FREE FEDEX 2 DAY - 60 DAY RETURNS - 1 YEAR WARRANTY,$334.95,4.5 out of 5 stars.,4,from United States,"supplytronics (102,862) 98.8%"
Apple iPhone 7 Plus - 128GB - All Colors - Unlocked - Good Condition,Pre-Owned,$94.00 to $161.00,0,0,from United States,"solarcprod (6,506) 97.2%"
Apple iPhone 11 - 128GB - White (Unlocked) A2111 (CDMA + GSM),Pre-Owned,$169.00 to $312.00,5.0 out of 5 stars.,14,from United States,"solarcprod (6,506) 97.2%"
Google Pixel 6a GX7AS - 128GB - AT&T/T-Mobile/Verizon Or Unlocked - Excellent!,Pre-Owned,$152.99 to $188.99,5.0 out of 5 stars.,15,from United States,"electro-dealz (3,132) 99.1%"
Apple iPhone 14 Pro 128GB Unlocked AT&T T-Mobile Verizon Very Good Condition,FREE FEDEX 2 DAY - 60 DAY RETURNS - 1 YEAR WARRANTY,$659.95,5.0 out of 5 stars.,1,from United States,"supplytronics (102,862) 98.8%"
Apple iPhone XS Max 256GB Unlocked AT&T T-Mobile Verizon Very Good Condition,FREE FEDEX 2 DAY - 60 DAY RETURNS - 1 YEAR WARRANTY,$257.95,4.5 out of 5 stars.,83,from United States,"supplytronics (102,862) 98.8%"
LG Wing 5G LM-F100 T-Mobile Unlocked 256GB Aurora Gray C,"Free Shipping, Free 30 Day Returns",$199.99,5.0 out of 5 stars.,22,from United States,"yywirelesss (133,584) 98.3%"
Google Pixel 6A 128GB Smartphone T-MOBILE AT&T VERIZON SPECTRUM XFINITY- Good,Good - Refurbished,$114.99,0,0,from United States,"dealscaly (134,376) 99%"
Apple iPhone 13 Pro 256GB Unlocked AT&T T-Mobile Verizon Excellent Condition,FREE FEDEX 2 DAY - 60 DAY RETURNS - 1 YEAR WARRANTY,$569.95,0,0,from United States,"supplytronics (102,862) 98.8%"
Apple iPhone X 256GB Space Gray Factory Unlocked A1865 ,Pre-Owned,$128.00 to $262.00,5.0 out of 5 stars.,3,from United States,"solarcprod (6,506) 97.2%"
Apple iPhone 12 256GB Factory Unlocked AT&T T-Mobile Verizon Good Condition,FREE FEDEX 2 DAY - 60 DAY RETURNS - 1 YEAR WARRANTY,$299.95,0,0,from United States,"supplytronics (102,862) 98.8%"
SAMSUNG GALAXY NOTE 10 S10 S20+ Ultra S21 - UNLOCKED - MANY MODELS - VERY GOOD,1 YEAR WARRANTYðŸ”¥60 DAY FREE RETURNSðŸ”¥FREE FEDEX 2 DAY,$109.99 to $359.99,0,0,from United States,"gadget-solutions (1,448) 96.7%"
Motorola RAZR 2020 5G 256GB 6.2'' Polished Graphite T-Mobile Unlocked - Open Box,Open Box Â· Motorola Razr 5G Â· 256 GB Â· AT&T,$259.00,0,0,from United States,"teeerashop (3,125) 99.1%"
Apple iPhone 12 64GB Unlocked Smartphone - Good,FREE 2DAY SHIPPING-60DAY RETURNS-1YR ALLSTATE WARRANTY,$255.95,0,0,from United States,"bidallies (347,295) 98.7%"
Apple iPhone 11 Pro Max 512GB Verizon GSM Unlocked T-Mobile AT&T LTE - Very Good,Very Good - Refurbished,$399.97,5.0 out of 5 stars.,25,from United States,"tekreplay (101,256) 97.1%"
Apple iPhone 12 Pro 512GB Unlocked AT&T T-Mobile Verizon Very Good Condition,FREE FEDEX 2 DAY - 60 DAY RETURNS - 1 YEAR WARRANTY,$394.95,0,0,from United States,"supplytronics (102,862) 98.8%"
"Unlocked 7.3"" S23 Ultra 5G Smartphone 8GB+256GB Android 13 Dual SIM Mobile Phone",Brand New,$139.80,0,0,from China,zhilian9 (22) 92.3%
Apple iPhone 13 256GB Factory Unlocked AT&T T-Mobile Verizon Very Good Condition,FREE FEDEX 2 DAY - 60 DAY RETURNS - 1 YEAR WARRANTY,$437.95,0,0,from United States,"supplytronics (102,862) 98.8%"
Wingtech REVVL V+ 5G REVVL V+ 5G T-mobile Unlocked 64GB Black Good,"Free Shipping, Free 30 Day Returns",$64.99,0,0,from United States,"yywirelesss (133,584) 98.3%"
Apple iPhone SE 2nd Gen A2275 64GB Red Fully Unlocked BOTTOM MICROPHONE,Parts Only Â· Apple iPhone SE (2nd Generation) Â· 64 GB Â· AT&T,$37.00,5.0 out of 5 stars.,82,from United States,"gadget-solutions (1,448) 96.7%"
Apple iPhone 13 Pro 128GB Unlocked AT&T T-Mobile Verizon Excellent Condition,FREE FEDEX 2 DAY - 60 DAY RETURNS - 1 YEAR WARRANTY,$519.95,5.0 out of 5 stars.,1,from United States,"supplytronics (102,862) 98.8%"
Wingtech REVVL V+ 5G WTRVL5G T-Mobile Unlocked 64GB Nebula Black C,"Free Shipping, Free 30 Day Returns",$54.99,0,0,from United States,"yywirelesss (133,584) 98.3%"
Apple iPhone 6 Plus 16GB 64GB Factory Unlocked AT&T T-mobile Verizon Good,Pre-Owned,$48.00 to $99.00,0,0,from United States,"solarcprod (6,506) 97.2%"
CAT Phone S62- T-Mobile Unlocked - 128GB - Rugged Waterproof Smartphone,Brand New Â· 128 GB Â· Unlocked,$169.99,4.0 out of 5 stars.,8,from United States,"atariels (1,707) 98.5%"
"Apple iPhone 8 (Fair Condition) Factory Unlocked, AT&T, T-Mobile or Verizon",Pre-Owned,$117.99 to $162.99,0,0,from United States,"cocosprinkles (31,800) 99.6%"
Tested work 100% Apple iPhone 5c - 8/16/32GB - ALL COLORS Unlocked/AT&T/T-Mobile,Pre-Owned,$34.00 to $41.00,0,0,from China,we-will-rock-you (104) 98.9%
Apple iPhone 11  Unlocked Verizon At&t T-Mobile 64GB/128GB Smartphone 4G,Pre-Owned,$163.00 to $284.00,0,0,from United States,"solarcprod (6,506) 97.2%"
Apple iPhone 13 Pro 128GB Unlocked AT&T T-Mobile Verizon Excellent Condition,FREE FEDEX 2 DAY - 60 DAY RETURNS - 1 YEAR WARRANTY,$519.95,5.0 out of 5 stars.,1,from United States,"supplytronics (102,862) 98.8%"
Apple iPhone 14 128GB Factory Unlocked AT&T T-Mobile Verizon Very Good Condition,FREE FEDEX 2 DAY - 60 DAY RETURNS - 1 YEAR WARRANTY,$489.95,5.0 out of 5 stars.,6,from United States,"supplytronics (102,862) 98.8%"
Apple iPhone 15 128GB Factory Unlocked AT&T T-Mobile Verizon Excellent Condition,FREE FEDEX 2 DAY - 60 DAY RETURNS - 1 YEAR WARRANTY,$679.95,0,0,from United States,"supplytronics (102,862) 98.8%"
Apple iPhone 12 mini 256GB Factory Unlocked AT&T T-Mobile Verizon Fair Condition,FREE FEDEX 2 DAY DELIVERY NATIONWIDE AND 60 DAY RETURNS,$214.95,0,0,from United States,"supplytronics (102,862) 98.8%"
T -mobile Samsung Galaxy Note 3 Pen Frosted White 32 GB SM-N900TRead Description,Pre-Owned Â· Samsung Galaxy Note 3 Â· 32 GB Â· T-Mobile,$29.99,0,0,from United States,topprogear27 (10) 100%
New Apple iPhone SE 3rd Gen 2022 5G AT&T/Verizon/T-Mobile/Unlocked 64GB/128GB,100% Batteryâ€¢Choose Carrierâ€¢Free Shipâ€¢1 Year Warranty,$189.99 to $299.99,5.0 out of 5 stars.,20,from United States,"innovee.tech (20,275) 98.9%"
Apple iPhone 7 Plus - 128GB - All Colors - Unlocked - Good Condition,Pre-Owned,$94.00 to $161.00,0,0,from United States,"solarcprod (6,506) 97.2%"
Mini New Small GSM 4G Mobile Smart Phone Dialer CellPhone Double SIM card,Brand New,$36.79,0,0,from China,nanhai2020 (730) 94.7%
LG Wing 5G LM-F100 T-Mobile Unlocked 256GB Aurora Gray C,"Free Shipping, Free 30 Day Returns",$199.99,5.0 out of 5 stars.,22,from United States,"yywirelesss (133,584) 98.3%"
Samsung Galaxy A14 5G SM-A415U 64GB AT&T T-Mobile MetroPCS Unlocked FedEx 2 Day,Open Box,$99.99 to $129.99,5.0 out of 5 stars.,5,from United States,"partlogics (13,843) 99.1%"
Apple iPhone X 256GB Space Gray Factory Unlocked A1865 ,Pre-Owned,$128.00 to $262.00,5.0 out of 5 stars.,3,from United States,"solarcprod (6,506) 97.2%"
Samsung Galaxy S21 | S21+ 5G 128GB 256GB - Unlocked Verizon T-Mobile AT&T Metro,Open Box,$204.95 to $344.95,5.0 out of 5 stars.,1,from United States,"tech-hobbies (4,407) 99.1%"
Apple iPhone 13 Pro 256GB Unlocked AT&T T-Mobile Verizon Excellent Condition,FREE FEDEX 2 DAY - 60 DAY RETURNS - 1 YEAR WARRANTY,$569.95,0,0,from United States,"supplytronics (102,862) 98.8%"
Motorola RAZR V3 Flip Bluetooth MP4 video Unlocked GSM Mobile Phone (8 Colors),Pre-Owned,$33.99,0,0,from China,rxyamobile (32) 97.1%
Samsung Galaxy S7 | S7 edge 32GB - Unlocked Verizon AT&T T-Mobile Metro Cricket ,Open Box,$59.85 to $119.85,0,0,from United States,"tech-hobbies (4,407) 99.1%"
Apple iPhone 11 128GB Factory Unlocked AT&T T-Mobile Verizon Very Good Condition,FREE FEDEX 2 DAY - 60 DAY RETURNS - 1 YEAR WARRANTY,$272.95,4.5 out of 5 stars.,80,from United States,"supplytronics (102,862) 98.8%"
Unlocked Motorola RAZR V3 Razor Cell Phone all colors 2G vintage mobile phone,Open Box,$36.00 to $40.00,0,0,from China,xmb-mobile (270) 97.5%
Samsung Galaxy S9 Unlocked | T-Mobile AT&T Verizon | 64GB 4G Smartphone Good,1 YEAR WARRANTY| FREE SHIP | FREE RETURNS |,$124.00,4.5 out of 5 stars.,6,from United States,"dealsrus365 (70,264) 95.3%"
Wingtech REVVL V+ 5G REVVL V+ 5G T-mobile Unlocked 64GB Black Good,"Free Shipping, Free 30 Day Returns",$64.99,0,0,from United States,"yywirelesss (133,584) 98.3%"
Apple iPhone 13  128GB Unlocked Smartphone - Good,FREE 2DAY SHIPPING-60DAY RETURNS-1YR ALLSTATE WARRANTY,$373.95,4.0 out of 5 stars.,1,from United States,"bidallies (347,295) 98.7%"
LG Velvet 5G LM-G900TM T-Mobile Unlocked 128GB Gray C,"Free Shipping, Free 30 Day Returns",$95.00,4.5 out of 5 stars.,65,from United States,"yywirelesss (133,584) 98.3%"
Samsung Galaxy S21 FE 5G SM-G990U 128GB Unlocked AT&T Verizon T-Mobile New Other,Open Box,$234.98,0,0,from United States,"cellularstream (155,413) 98.7%"
Apple iPhone 8 - 64GB 128GB 256GB - Unlocked Verizon AT&T T-Mobile Metro - Good!,Very Good - Refurbished,$119.95 to $174.95,0,0,from United States,"tech-hobbies (4,407) 99.1%"
OnePlus Nord N200 5G DE2118 T-Mobile Unlocked 64GB Blue C,"Free Shipping, Free 30 Day Returns",$69.99,4.0 out of 5 stars.,42,from United States,"yywirelesss (133,584) 98.3%"
Samsung Galaxy S10 Plus Unlocked International Net10 AT&T T-Mobile Simple Mobile,Pre-Owned Â· Samsung Galaxy S10+ Â· 128 GB Â· AT&T,$165.00,5.0 out of 5 stars.,30,from United States,rabitpro-lv (73) 100%
"S23 Ultra 6.8"" 8GB+256GB Smartphone Android 12 Unlocked 5G LTE Mobile Phones~NEW",Brand New,$95.53,0,0,from China,"laoyae (1,834) 94.5%"
Apple iPhone 6 - 128 GB - Silver (Unlocked),Pre-Owned,$38.00 to $104.00,0,0,from United States,"solarcprod (6,506) 97.2%"
New ListingSamsung Galaxy S4 S-4 SGH-M919T-r(Unlocked)Cell Phone AT&T T-Mobile READ BELOW,Pre-Owned Â· Samsung Galaxy S4 Â· 16 GB Â· T-Mobile,$29.76,0,0,from United States,"clothesandmore4less (4,107) 93.5%"
Apple iPhone 13 mini 256GB Factory Unlocked AT&T T-Mobile Verizon Fair Condition,FREE FEDEX 2 DAY DELIVERY NATIONWIDE AND 60 DAY RETURNS,$329.95,0,0,from United States,"supplytronics (102,862) 98.8%"
Apple iPhone X 64GB Factory Unlocked AT&T T-Mobile Verizon Very Good Condition,FREE FEDEX 2 DAY - 60 DAY RETURNS - 1 YEAR WARRANTY,$176.95,5.0 out of 5 stars.,19,from United States,"supplytronics (102,862) 98.8%"
Open Box Google Pixel 5 5G 128GB Full Unlocked Verizon T-Mobile AT&T Black/Green,In Retail Box + Original Google Charger & Type-C Cable!,$194.95,5.0 out of 5 stars.,1,from United States,"txcellular (3,470) 98.8%"
Apple iPhone 13 mini 256GB Factory Unlocked AT&T T-Mobile Verizon Very Good,FREE FEDEX 2 DAY - 60 DAY RETURNS - 1 YEAR WARRANTY,$389.95,0,0,from United States,"supplytronics (102,862) 98.8%"
Apple iPhone 11 6.1in 4GB/128GB Fully Unlocked  - Excellent,Free Shipping** 1 Year Warranty ** Free Returns,$274.99,5.0 out of 5 stars.,31,from United States,"guaranteecellular (163,779) 99.9%"
"NEW Reno10 Pro+ Smartphone 7.3"" 16GB+1TB Android Factory Unlocked Mobile Phone",Brand New,$80.69 to $129.29,0,0,from China,egioam581gs (942) 93.6%
90% N ew iOS 6 FULL working Apple iPhone 5 16GB unlcoked Black /Silver mobile,Pre-Owned,$49.00 to $59.00,4.5 out of 5 stars.,22,from China,used-phone-working-perfectly (83) 100%
Apple iPhone X | XR | XS | XS Max - 64GB 128GB 256GB - Verizon GSM Unlocked AT&T,Open Box,$149.95 to $349.95,4.5 out of 5 stars.,15,from United States,"tech-hobbies (4,407) 99.1%"
Smartphone Dual Sim Android System 10.0 4G Mobile Cell Phone+Headset Fashion,Brand New,$59.83,0,0,from China,mifitu (129) 97.1%
OnePlus 8 5G IN2017 T-Mobile Unlocked 128GB Silver C,"Free Shipping, Free 30 Day Returns",$129.99,0,0,from United States,"yywirelesss (133,584) 98.3%"
OnePlus 10T 5G - 128GB - Moonstone Black (Unlocked),Pre-Owned Â· OnePlus 10T 5G Â· 128 GB Â· Unlocked,$215.00,4.5 out of 5 stars.,15,from United States,mohezz59 (270) 98.9%
NUU Mobile B20 5G Smartphone,Pre-Owned,$74.99,0,0,from United States,"official_nuu_mobile (2,425) 97.5%"
OnePlus 10T 5G 128GB Moonstone Black  T-Mobile Unlocked Smartphone - Openbox,Free 2 Day Delivery - Order Placed B4 1000 Hrs CST,$274.99,4.5 out of 5 stars.,15,from United States,"amazing-wireless (135,174) 99.4%"
Cat S62 128GB Black (T-Mobile) - Acceptable,Pre-Owned Â· 128 GB,$41.99,0,0,from United States,"cellularprofessor (15,202) 99.4%"
"Samsung Galaxy A23 5G Black 64GB 6.6"" Unlocked AT&T T-Mobile Verizon - Open Box",Open Box,$109.00 to $115.00,0,0,from United States,"teeerashop (3,125) 99.1%"
Apple iPhone 13 - 128GB - Unlocked  - EXCELLENT Condition,1 YEAR WARRANTYðŸ”¥60 DAY FREE RETURNSðŸ”¥FREE FEDEX 2 DAY,$422.95 to $424.99,0,0,from United States,"gadget-solutions (1,448) 96.7%"
Cloud Mobile C7 True Connect Android Smart Phone NEW,Brand New Â· 16 GB,$34.99,0,0,from United States,"starway_43 (2,519) 99.6%"
Apple iPhone 8 Plus 256GB Unlocked AT&T T-Mobile Verizon Very Good Condition,FREE FEDEX 2 DAY - 60 DAY RETURNS - 1 YEAR WARRANTY,$174.95,5.0 out of 5 stars.,5,from United States,"supplytronics (102,862) 98.8%"
"New ListingNEW, UNOPENED, AOL MOBILE COMMUNICATOR AMERICA ONLINE MOBILE DEVICE  VTG RARE",Brand New Â· 2 MB,$249.99,0,0,from United States,cjonesnewman (153) 100%
Google Pixel 4 | 4 XL | 4a  - 64GB | 128GB - (Unlocked) AT&T T-Mobile Verizon ,Open Box,$114.95 to $134.95,4.5 out of 5 stars.,26,from United States,"ideal-mobile (4,311) 99.4%"
"Cloud Mobile Stratus C7 5.5"" 16GB+2GB RAM WiFi+LTE TruConnect Factory Sealed NEW",Brand New Â· 16 GB Â· TruConnect,$27.00,4.5 out of 5 stars.,2,from United States,"johnnyp1000 (5,928) 100%"
Apple iPhone SE 3rd Gen 128GB Unlocked AT&T T-Mobile Verizon Very Good Condition,FREE FEDEX 2 DAY - 60 DAY RETURNS - 1 YEAR WARRANTY,$272.95,5.0 out of 5 stars.,3,from United States,"supplytronics (102,862) 98.8%"
Apple iPhone 14 Plus 128GB (Verizon/AT&T/T-Mobile) - Very Good,Very Good - Refurbished,$449.99,0,0,from United States,"liquidation_electronics (14,050) 98.6%"
Cat S62 SMARTPHONE S62 T-Mobile Unlocked 128GB Black C,"Free Shipping, Free 30 Day Returns",$64.99,0,0,from United States,"yywirelesss (133,584) 98.3%"
Limited Edition Motorola Razr V3i DOLCE GABBNNA Unlocked Flip Mobile Phone,Pre-Owned Â· Motorola RAZR V3i Â· 10 MB Â· Unlocked,$40.00,0,0,from China,flyhopelecmart (94) 98.9%
Apple iPhone 13 Pro 512GB Unlocked AT&T T-Mobile Verizon Very Good Condition,FREE FEDEX 2 DAY - 60 DAY RETURNS - 1 YEAR WARRANTY,$561.95,5.0 out of 5 stars.,7,from United States,"supplytronics (102,862) 98.8%"
Samsung Galaxy S8 Active - 64GB (GSM Unlocked) T-Mobile AT&T Metro Cricket,Free Shipping - Full Warranty - Free Returns,$63.85 to $144.95,4.5 out of 5 stars.,69,from United States,"tech-hobbies (4,407) 99.1%"
ALCATEL TCL FLIP Go 4058W 8GB AT&T T-Mobile GSM ðŸ”“ Unlocked 4G LTE,Open Box Â· 8 GB Â· AT&T,$52.99,0,0,from United States,"unitedwholesale20 (14,114) 99.7%"
Samsung Galaxy S3 SGH-T999 16GB Metallic Blue T-Mobile Android Smartphone,Pre-Owned Â· Samsung Galaxy S III Â· 16 GB Â· T-Mobile,$34.78,4.5 out of 5 stars.,164,from United States,"clothesandmore4less (4,107) 93.5%"
Open Box Google Pixel 5 5G 128GB Full Unlocked Verizon T-Mobile AT&T Black/Green,In Retail Box + Original Google Charger & Type-C Cable!,$194.95,5.0 out of 5 stars.,1,from United States,"txcellular (3,470) 98.8%"
Apple iPhone X 256GB Space Gray Factory Unlocked A1865 ,Pre-Owned,$128.00 to $262.00,5.0 out of 5 stars.,3,from United States,"solarcprod (6,506) 97.2%"
"Apple iPhone 8 (Great Condition) Factory Unlocked, AT&T, T-Mobile Verizon OR GSM",Pre-Owned,$164.99 to $174.99,4.5 out of 5 stars.,42,from United States,"familytree2007 (8,744) 99.7%"
NEW UNLOCKED SAMSUNG GALAXY S23 ULTRA 5G SM-S918U ALL COLORS AND MEMORY GSM+CDMA,ðŸ”¥HOLIDAY SEASON SALEðŸ”¥FREE SHIPPINGðŸ”¥BEST DEAL ON EBAY,$893.88,5.0 out of 5 stars.,1,from United States,"diamond.wireless (25,953) 99.7%"
Mini New Small GSM 4G Mobile Smart Phone Dialer CellPhone Double SIM card,Brand New,$36.79,0,0,from China,nanhai2020 (730) 94.7%
Wingtech REVVL V+ 5G WTRVL5G T-Mobile Unlocked 64GB Nebula Black C,"Free Shipping, Free 30 Day Returns",$54.99,0,0,from United States,"yywirelesss (133,584) 98.3%"
Apple iPhone 12 128GB Unlocked Smartphone - Good,FREE 2DAY SHIPPING-60DAY RETURNS-1YR ALLSTATE WARRANTY,$299.95,3.5 out of 5 stars.,4,from United States,"bidallies (347,295) 98.7%"
Motorola One 5G UW Ace 64GB Gray (T-mobile AT&T Verizon Unlocked) BRAND NEW,Cyber Monday Deal,$99.99,0,0,from United States,"yywirelesss (133,584) 98.3%"
Samsung Galaxy S21 FE 5G SM-G990U 128GB Unlocked AT&T Verizon T-Mobile New Other,Open Box,$234.98,5.0 out of 5 stars.,1,from United States,"cellularstream (155,413) 98.7%"
OnePlus 8 5G IN2017 T-Mobile Unlocked 128GB Silver C,"Free Shipping, Free 30 Day Returns",$129.99,0,0,from United States,"yywirelesss (133,584) 98.3%"
Apple iPhone SE 2nd Gen A2275 64GB Red Fully Unlocked READ,Parts Only Â· Apple iPhone SE (2nd Generation) Â· 64 GB Â· AT&T,$27.00,5.0 out of 5 stars.,82,from United States,"gadget-solutions (1,448) 96.7%"
Apple iPhone 11 - 64GB | 128GB (Unlocked) A2111 (CDMA + GSM) Smartphone,Open Box,$199.95 to $284.95,4.5 out of 5 stars.,43,from United States,"uki-mobile (2,656) 99.3%"
Samsung Galaxy A32 5G 64GB 4GB RAM Black (T-Mobile) Smartphone - Pristine,Open Box Â· Samsung Galaxy A32 5G Â· 64 GB Â· T-Mobile,$105.00,4.5 out of 5 stars.,88,from United States,"havearly (8,980) 99.5%"
Samsung Galaxy S9 G960U GSM Factory Unlocked 64GB Smartphone - Image Burn,Pre-Owned,$99.99,0,0,from United States,"dealscaly (134,376) 99%"
Cat S62 SMARTPHONE S62 T-Mobile Unlocked 128GB Black C,"Free Shipping, Free 30 Day Returns",$64.99,0,0,from United States,"yywirelesss (133,584) 98.3%"
Apple iPhone 13 256GB Factory Unlocked AT&T T-Mobile Verizon Excellent Condition,FREE FEDEX 2 DAY - 60 DAY RETURNS - 1 YEAR WARRANTY,$474.95,5.0 out of 5 stars.,5,from United States,"supplytronics (102,862) 98.8%"
Apple iPhone 6 16GB 64GB 128GB Factory Unlocked AT&T Verizon TMobile Sprint Min,Pre-Owned,$37.00 to $103.00,0,0,from United States,"solarcprod (6,506) 97.2%"
OnePlus 9 Pro LE2127 T-Mobile Unlocked 256GB Silver C,"Free Shipping, Free 30 Day Returns",$219.99,0,0,from United States,"yywirelesss (133,584) 98.3%"
Apple iPhone 12 Pro Max - 128 GB - Silver (T-Mobile) (Dual SIM),Pre-Owned Â· Apple iPhone 12 Pro Max Â· 128 GB Â· T-Mobile,$300.00,5.0 out of 5 stars.,1,from United States,8igcountry45 (2) 100%
Apple iPhone 14 Plus 128GB (Verizon/AT&T/T-Mobile) - Very Good,Very Good - Refurbished,$449.99,0,0,from United States,"liquidation_electronics (14,050) 98.6%"
Apple iPhone 15 256GB Factory Unlocked AT&T T-Mobile Verizon Excellent Condition,FREE FEDEX 2 DAY - 60 DAY RETURNS - 1 YEAR WARRANTY,$744.95,0,0,from United States,"supplytronics (102,862) 98.8%"
Apple iPhone 7 Plus - 128GB - All Colors - Unlocked - Good Condition,Pre-Owned,$94.00 to $161.00,0,0,from United States,"solarcprod (6,506) 97.2%"
LG Wing 5G LM-F100 T-Mobile Unlocked 256GB Aurora Gray C,"Free Shipping, Free 30 Day Returns",$199.99,5.0 out of 5 stars.,22,from United States,"yywirelesss (133,584) 98.3%"
Apple iPhone 13 PRO MAX 128GB 256GB 512GB (UNLOCKED) âœ…1 YR WARRNTYâœ…âš«ðŸ”´ðŸ”µâœ¤SEALEDâœ¤,âœ… FREE 2-DAYðŸš€ âœ…BRAND NEW SEALED âœ…GSM+CDMAâœ… ALL COLORS,$896.95 to $948.95,0,0,from United States,"santamonicawireless (30,532) 99.2%"
Nokia 1100 Mobile Phone Unlocked GSM900/1800MHz Cell phone +1 Year WARRANTY,Pre-Owned Â· Nokia 1100 Â· Unlocked,$18.99,0,0,from United States,miyaphones888 (284) 94.2%
Wingtech REVVL V+ 5G REVVL V+ 5G T-mobile Unlocked 64GB Black Good,"Free Shipping, Free 30 Day Returns",$64.99,0,0,from United States,"yywirelesss (133,584) 98.3%"
"Samsung Galaxy A23 5G Black 64GB 6.6"" Unlocked AT&T T-Mobile Verizon - Open Box",Open Box,$109.00 to $115.00,0,0,from United States,"teeerashop (3,125) 99.1%"
"MOTOROLA RAZR (2020) 6.2"" 5G 256GB 8GB RAM Gold (T-Mobile) Smartphone - Pristine",Open Box Â· Motorola Razr 5G Â· 256 GB Â· T-Mobile,$255.00,5.0 out of 5 stars.,1,from United States,"havearly (8,980) 99.5%"
Apple iPhone 8 - 64GB 128GB 256GB Unlocked Verizon AT&T T-Mobile - Excellent!,Very Good - Refurbished,$94.95 to $189.95,0,0,from United States,"tech-hobbies (4,407) 99.1%"
New Samsung Galaxy S22 Ultra 5G SM-S908U1 FACTORY UNLOCKED & FREE GIFT,Free Tempered Glass&Caseï¼ŒCompatible with all carrriers,$597.00 to $710.00,5.0 out of 5 stars.,3,from United States,"oasis-sky99 (1,413) 98.9%"
90% N ew iOS 6 FULL working Apple iPhone 5 16GB unlcoked Black /Silver mobile,Pre-Owned,$49.00 to $59.00,4.5 out of 5 stars.,11,from China,used-phone-working-perfectly (83) 100%
Apple iPhone 7 -32GB - Black Unlocked -Verizon AT&T T-Mobile 4G LTE READ*,Pre-Owned Â· Apple iPhone 7 Â· 32 GB Â· AT&T,$69.99,4.5 out of 5 stars.,20,from United States,"fsanchez89 (7,574) 98.6%"
Apple iPhone 8+ Plus - 64GB 128GB 256GB Unlocked Verizon AT&T T-Mobile - Good,Very Good - Refurbished,$134.95 to $229.95,0,0,from United States,"tech-hobbies (4,407) 99.1%"
Apple iPhone XS 512GB Factory Unlocked AT&T T-Mobile Verizon Very Good Condition,FREE FEDEX 2 DAY - 60 DAY RETURNS - 1 YEAR WARRANTY,$224.95,5.0 out of 5 stars.,29,from United States,"supplytronics (102,862) 98.8%"
Apple iPhone 13 Pro 512GB Unlocked AT&T T-Mobile Verizon Excellent Condition,FREE FEDEX 2 DAY - 60 DAY RETURNS - 1 YEAR WARRANTY,$607.95,5.0 out of 5 stars.,2,from United States,"supplytronics (102,862) 98.8%"
Apple iPhone 11 64GB/256GB AT&T/Total By Verizon/Boost/Tracfone/Simple/Unlocked,Choose Carrier â€¢ 1 Year Warranty â€¢ Free Shipping,$199.99 to $269.99,4.5 out of 5 stars.,58,from United States,"innovee.tech (20,275) 98.9%"
Apple iPhone 11 64/128GB Factory Unlocked GSM+CDMA AT&T T-Mobile Verizon,Pre-Owned,$164.00 to $302.00,5.0 out of 5 stars.,14,from United States,"solarcprod (6,506) 97.2%"
Apple iPhone X 64GB 256GB - Unlocked Verizon AT&T Cricket T-Mobile Metro - Good!,Very Good - Refurbished,$139.95 to $249.95,4.5 out of 5 stars.,268,from United States,"tech-hobbies (4,407) 99.1%"
Motorola Moto G Stylus 5G XT2131 128GB T-MOBILE | CRICKET | TRACFONE | AT&T GOOD,Good - Refurbished,$44.99,0,0,from United States,"dealscaly (134,376) 99%"
Apple iPhone 14 - 128GB - T-Mobile - Purple - 5G Smartphone - EXCELLENT,Excellent - Refurbished Â· Apple iPhone 14 Â· 128 GB Â· T-Mobile,$438.99,0,0,from United States,"pocketaces_deals (3,742) 99.8%"
Apple iPhone SE 3rd Gen 256GB Unlocked AT&T T-Mobile Verizon Very Good Condition,FREE FEDEX 2 DAY - 60 DAY RETURNS - 1 YEAR WARRANTY,$339.95,5.0 out of 5 stars.,2,from United States,"supplytronics (102,862) 98.8%"
Samsung Galaxy S20 5G G981U 128GB GSM Unlocked ATT  T-Mobile & Verizon Excellent,Open Box,$209.99,4.5 out of 5 stars.,118,from United States,"mistyelectronics (131,737) 99.6%"
Samsung Galaxy S8 Active - 64GB (GSM Unlocked) T-Mobile AT&T Metro Cricket,Free Shipping - Full Warranty - Free Returns,$63.85 to $144.95,4.5 out of 5 stars.,69,from United States,"tech-hobbies (4,407) 99.1%"
Apple iPhone 13 Pro 256GB Factory Unlocked AT&T T-Mobile Verizon Good Condition,FREE FEDEX 2 DAY - 60 DAY RETURNS - 1 YEAR WARRANTY,$524.95,0,0,from United States,"supplytronics (102,862) 98.8%"
Motorola RAZR V3 Unlocked Flip Bluetooth GSM 850 /900 /1800 /1900 Mobile Phone,Pre-Owned,$33.99,0,0,from China,flyhopelecmart (94) 98.9%
Apple iPhone 14 128GB Factory Unlocked AT&T T-Mobile Verizon Excellent Condition,FREE FEDEX 2 DAY - 60 DAY RETURNS - 1 YEAR WARRANTY,$534.95,5.0 out of 5 stars.,6,from United States,"supplytronics (102,862) 98.8%"
Apple iPhone 12 Pro 256GB Factory Unlocked AT&T T-Mobile Verizon Good Condition,FREE FEDEX 2 DAY - 60 DAY RETURNS - 1 YEAR WARRANTY,$361.95,5.0 out of 5 stars.,1,from United States,"supplytronics (102,862) 98.8%"
Apple iPhone SE 2nd Gen A2275 64GB Red Fully Unlocked BOTTOM MICROPHONE,Parts Only Â· Apple iPhone SE (2nd Generation) Â· 64 GB Â· AT&T,$37.00,5.0 out of 5 stars.,82,from United States,"gadget-solutions (1,448) 96.7%"
Apple iPhone 13 mini 256GB Factory Unlocked AT&T T-Mobile Verizon Good Condition,FREE FEDEX 2 DAY - 60 DAY RETURNS - 1 YEAR WARRANTY,$361.95,0,0,from United States,"supplytronics (102,862) 98.8%"
CAT Phone S62- T-Mobile Unlocked - 128GB - Rugged Waterproof Smartphone Open Box,Open Box Â· 128 GB Â· T-Mobile,$129.99,4.0 out of 5 stars.,8,from United States,"mk_merchandise (1,601) 98.6%"
Apple iPhone 14 256GB Factory Unlocked AT&T T-Mobile Verizon Fair Condition,FREE FEDEX 2 DAY DELIVERY NATIONWIDE AND 60 DAY RETURNS,$464.95,4.0 out of 5 stars.,6,from United States,"supplytronics (102,862) 98.8%"
"New ListingNEW, UNOPENED, AOL MOBILE COMMUNICATOR AMERICA ONLINE MOBILE DEVICE  VTG RARE",Brand New Â· 2 MB,$249.99,0,0,from United States,cjonesnewman (153) 100%
Apple iPhone 11 Pro 64GB Unlocked AT&T T-Mobile Verizon Excellent Condition,FREE FEDEX 2 DAY - 60 DAY RETURNS - 1 YEAR WARRANTY,$279.95,4.5 out of 5 stars.,3,from United States,"supplytronics (102,862) 98.8%"
Apple iPhone 14 Plus 256GB Unlocked AT&T T-Mobile Verizon Very Good Condition,FREE FEDEX 2 DAY - 60 DAY RETURNS - 1 YEAR WARRANTY,$569.95,5.0 out of 5 stars.,1,from United States,"supplytronics (102,862) 98.8%"
OnePlus 10T 5G - 128GB - Moonstone Black (Unlocked),Pre-Owned Â· OnePlus 10T 5G Â· 128 GB Â· Unlocked,$215.00,4.5 out of 5 stars.,15,from United States,mohezz59 (270) 98.9%
Apple iPhone 12 256GB Factory Unlocked AT&T T-Mobile Verizon Fair Condition,FREE FEDEX 2 DAY DELIVERY NATIONWIDE AND 60 DAY RETURNS,$274.95,5.0 out of 5 stars.,2,from United States,"supplytronics (102,862) 98.8%"
"OnePlus Nord N20 5G GN2200 6.43"" FHD+ 128GB 64MP AT&T T-MOBILE Unlocked ðŸ”“  8/10",Pre-Owned,$99.50,5.0 out of 5 stars.,5,from United States,"beltronusa (18,994) 99.6%"
Samsung Galaxy S10 | S10e | S10+ Plus 128GB 512GB Unlocked AT&T Verizon T-Mobile,Open Box,$134.95 to $229.95,5.0 out of 5 stars.,30,from United States,"uki-mobile (2,656) 99.3%"
Samsung Galaxy S8 Active - 64GB (GSM Unlocked) T-Mobile AT&T Metro Cricket,Free Shipping - Full Warranty - Free Returns,$63.85 to $144.95,4.5 out of 5 stars.,69,from United States,"tech-hobbies (4,407) 99.1%"
Samsung Galaxy S9 G960U GSM Factory Unlocked 64GB Smartphone - Image Burn,Pre-Owned,$99.99,0,0,from United States,"dealscaly (134,376) 99%"
Samsung Galaxy S9 - Unlocked - Verizon T-Mobile AT&T 64GB 4G Smartphone,FAST SHIP | FREE RETURNS | LIMITED STOCK,$118.75,4.5 out of 5 stars.,21,from United States,"dealsrus365 (70,264) 95.3%"
Apple iPhone 11 64GB 128GB A2111 Fully Unlocked AT&T T-Mobile Verizon EXCELLENT,Original Box âœ” Genuine Cable âœ” Free 2-Day Shipping ðŸš€,$244.99 to $279.99,4.5 out of 5 stars.,80,from United States,"creo_cellular (29,847) 97.1%"
Apple iPhone 8+ Plus - 64GB 128GB 256GB Unlocked Verizon AT&T T-Mobile - Good,Very Good - Refurbished,$134.95 to $229.95,0,0,from United States,"tech-hobbies (4,407) 99.1%"
Apple iPhone XS 512GB Factory Unlocked AT&T T-Mobile Verizon Very Good Condition,FREE FEDEX 2 DAY - 60 DAY RETURNS - 1 YEAR WARRANTY,$224.95,5.0 out of 5 stars.,29,from United States,"supplytronics (102,862) 98.8%"
Apple iPhone 13 Pro 512GB Unlocked AT&T T-Mobile Verizon Excellent Condition,FREE FEDEX 2 DAY - 60 DAY RETURNS - 1 YEAR WARRANTY,$607.95,5.0 out of 5 stars.,2,from United States,"supplytronics (102,862) 98.8%"
Apple iPhone 11 64GB/256GB AT&T/Total By Verizon/Boost/Tracfone/Simple/Unlocked,Choose Carrier â€¢ 1 Year Warranty â€¢ Free Shipping,$199.99 to $269.99,4.5 out of 5 stars.,58,from United States,"innovee.tech (20,275) 98.9%"
Motorola Moto G Stylus 5G XT2131 128GB T-MOBILE | CRICKET | TRACFONE | AT&T GOOD,Good - Refurbished,$44.99,0,0,from United States,"dealscaly (134,376) 99%"
Apple iPhone 14 - 128GB - T-Mobile - Purple - 5G Smartphone - EXCELLENT,Excellent - Refurbished Â· Apple iPhone 14 Â· 128 GB Â· T-Mobile,$438.99,0,0,from United States,"pocketaces_deals (3,742) 99.8%"
Apple iPhone SE 3rd Gen 256GB Unlocked AT&T T-Mobile Verizon Very Good Condition,FREE FEDEX 2 DAY - 60 DAY RETURNS - 1 YEAR WARRANTY,$339.95,5.0 out of 5 stars.,2,from United States,"supplytronics (102,862) 98.8%"
Motorola RAZR V3 Unlocked Flip Bluetooth GSM 850 /900 /1800 /1900 Mobile Phone,Pre-Owned,$33.99,0,0,from China,flyhopelecmart (94) 98.9%
Apple iPhone 12 64GB 128GB Unlocked Verizon AT&T Purple/Green - WIFI 5G,Pre-Owned,$196.00 to $326.00,0,0,from United States,"solarcprod (6,506) 97.2%"
Samsung Galaxy S20 / S20+ / S20 FE 5G - Unlocked/T-Mobile/Verizon/AT&T- Good,Ships Same Day - Charger Included - Free Returns,$150.96 to $215.66,0,0,from United States,"electro-dealz (3,132) 99.1%"
Samsung Galaxy A52 5G - 128GB - SM-A526U (Unlocked) (Single SIM) Smartphone,Open Box,$134.95 to $154.95,4.5 out of 5 stars.,24,from United States,"uki-mobile (2,656) 99.3%"
LG Aristo 5 LM-K300 T-Mobile Unlocked 32GB Silver C,"Free Shipping, Free 30 Day Returns",$35.99,0,0,from United States,"yywirelesss (133,584) 98.3%"
New ListingSamsung Galaxy S23 Ultra - Phantom Black-(T-Mobile) -256GB Smartphone To repair ,Parts Only Â· Samsung Galaxy S23 Ultra Â· 256 GB Â· T-Mobile,$127.50,5.0 out of 5 stars.,1,from United States,networkandconnections (644) 94.7%
New ListingSamsung Galaxy S6 Edge Plus - 32GB T-mobile Gold Has Nicks,Pre-Owned Â· Samsung Galaxy S6 edge+ Â· 32 GB Â· T-Mobile,$15.00,0,0,from United States,elvin610 (472) 100%
Apple iPhone 13 mini 256GB Factory Unlocked AT&T T-Mobile Verizon Good Condition,FREE FEDEX 2 DAY - 60 DAY RETURNS - 1 YEAR WARRANTY,$361.95,0,0,from United States,"supplytronics (102,862) 98.8%"
Apple iPhone 14 256GB Factory Unlocked AT&T T-Mobile Verizon Fair Condition,FREE FEDEX 2 DAY DELIVERY NATIONWIDE AND 60 DAY RETURNS,$464.95,4.0 out of 5 stars.,6,from United States,"supplytronics (102,862) 98.8%"
Apple iPhone X 64GB 256GB - Unlocked Verizon AT&T Cricket T-Mobile Metro - Good!,Very Good - Refurbished,$139.95 to $249.95,3.5 out of 5 stars.,4,from United States,"tech-hobbies (4,407) 99.1%"
Apple iPhone 12 (Great Condition) Verizon Factory Unlocked AT&T T-Mobile GSM 5G,Pre-Owned,$302.99 to $312.99,0,0,from United States,"cocosprinkles (31,800) 99.6%"
Apple iPhone iPhone 11 - 64GB - Black (T-Mobile) (Read Description) AC1025,Pre-Owned Â· Apple iPhone 11 Â· 64 GB Â· T-Mobile,$74.00,4.5 out of 5 stars.,43,from United States,"buybackboss (14,783) 98.8%"
Apple iPhone 11 Pro 64GB Unlocked AT&T T-Mobile Verizon Excellent Condition,FREE FEDEX 2 DAY - 60 DAY RETURNS - 1 YEAR WARRANTY,$279.95,4.5 out of 5 stars.,3,from United States,"supplytronics (102,862) 98.8%"
Apple iPhone 14 Plus 128GB Factory Unlocked AT&T T-Mobile Verizon Good Condition,FREE FEDEX 2 DAY - 60 DAY RETURNS - 1 YEAR WARRANTY,$514.95,5.0 out of 5 stars.,1,from United States,"supplytronics (102,862) 98.8%"
NEW Samsung Galaxy S9+ PLUS G965U 64GB GSM Unlocked AT&T T-Mobile Metro Verizon,Brand New,$199.88,4.5 out of 5 stars.,355,from United States,"amcelltech (61,694) 99.1%"
Apple iPhone 14 Plus 256GB Unlocked AT&T T-Mobile Verizon Very Good Condition,FREE FEDEX 2 DAY - 60 DAY RETURNS - 1 YEAR WARRANTY,$569.95,5.0 out of 5 stars.,1,from United States,"supplytronics (102,862) 98.8%"
New ListingNokia XpressMusic 5610 Vintage Slider Phone (T-Mobile) - Red - ASIS #1206,Pre-Owned Â· 20 MB Â· T-Mobile,$49.99,0,0,from United States,lugiasphones (301) 98.9%
Open Box Samsung Galaxy S9 64GB GSM/CDMA Unlocked T-Mobile Verizon AT&T SM-G960U,FAST Priority 2 Day Delivery | GSM/CDMA Unlocked,$134.95,4.5 out of 5 stars.,21,from United States,"compustore2020 (10,299) 98.5%"
Google Pixel 7 - 7 Pro - 128/256 GB - Unlocked/T-Mobile/AT&T/Verizon - Excellent,Ships Same Day - Charger Included - Free Returns,$264.99 to $299.99,0,0,from United States,"electro-dealz (3,132) 99.1%"
T-Mobile Revvl 6X 5G (T-Mobile ONLY) 128GB 5G Device,Brand New Â· T-Mobile Revvl Â· 128 GB Â· T-Mobile,$140.00,5.0 out of 5 stars.,4,from United States,"zachs_department_store (1,089) 93.1%"
Cloud Mobile C7 True Connect Android Smart Phone NEW,Brand New Â· 16 GB,$34.99,0,0,from United States,"starway_43 (2,519) 99.6%"
Apple iPhone 11 Pro 256GB Unlocked AT&T T-Mobile Verizon Excellent Condition,FREE FEDEX 2 DAY - 60 DAY RETURNS - 1 YEAR WARRANTY,$324.95,4.5 out of 5 stars.,89,from United States,"supplytronics (102,862) 98.8%"
Samsung Galaxy S20 5G G981U 128GB GSM Unlocked ATT  T-Mobile & Verizon Excellent,Open Box,$209.99,5.0 out of 5 stars.,35,from United States,"mistyelectronics (131,737) 99.6%"
Apple iPhone XS 256GB Factory Unlocked AT&T T-Mobile Verizon Excellent Condition,FREE FEDEX 2 DAY - 60 DAY RETURNS - 1 YEAR WARRANTY,$206.95,5.0 out of 5 stars.,15,from United States,"supplytronics (102,862) 98.8%"
Apple iPhone 12 128GB Factory Unlocked AT&T T-Mobile Verizon Fair Condition,FREE FEDEX 2 DAY DELIVERY NATIONWIDE AND 60 DAY RETURNS,$244.95,0,0,from United States,"supplytronics (102,862) 98.8%"
Apple iPhone 14 Pro Max 128GB (Verizon/AT&T/T-Mobile) - Good,Good - Refurbished,$649.99,0,0,from United States,"liquidation_electronics (14,050) 98.6%"
Samsung Galaxy A32 5G 64GB 4GB RAM Black (T-Mobile) Smartphone - Pristine,Open Box Â· Samsung Galaxy A32 5G Â· 64 GB Â· T-Mobile,$105.00,4.5 out of 5 stars.,88,from United States,"havearly (8,980) 99.5%"
Apple iPhone 7 Plus 128GB Verizon GSM Unlocked T-Mobile AT&T 4G LTE - Used,Good - Refurbished,$119.97,4.0 out of 5 stars.,13,from United States,"tekreplay (101,255) 97.1%"
â­ FULLY UNLOCKED â­ Samsung Galaxy S21 5G 128GB AT&T T-Mobile Verizon PERFECT â­,Pre-Owned,$229.00 to $245.00,4.5 out of 5 stars.,50,from United States,"learbre (6,572) 99.6%"
NEW Samsung Galaxy S8+ Plus G955U 64GB (Unlocked GSM+CDMA) AT&T T-Mobile Verizon,Brand New,$194.88,5.0 out of 5 stars.,7,from United States,"amcelltech (61,694) 99.1%"
Nokia G400 5G TA-1448 T-Mobile Unlocked 64GB Gray Good,"Free Shipping, Free 30 Day Returns",$79.99,0,0,from United States,"yywirelesss (133,584) 98.3%"
Apple iPhone 12 Pro 128GB Factory Unlocked AT&T T-Mobile Verizon Good Condition,FREE FEDEX 2 DAY - 60 DAY RETURNS - 1 YEAR WARRANTY,$346.95,5.0 out of 5 stars.,2,from United States,"supplytronics (102,862) 98.8%"
Apple iPhone 12 Pro Max 128GB Unlocked AT&T T-Mobile Verizon Very Good Condition,FREE FEDEX 2 DAY - 60 DAY RETURNS - 1 YEAR WARRANTY,$447.95,0,0,from United States,"supplytronics (102,862) 98.8%"
Samsung Galaxy S20 | S20+ | S20 FE | S20 Ultra 5G 128GB - Unlocked Verizon AT&T,Open Box,$154.95 to $279.95,0,0,from United States,"tech-hobbies (4,407) 99.1%"
New ListingiPhone 12 Pro Max - 128GB - T-Mobile (Read Description) AF1113,Pre-Owned Â· Apple iPhone 12 Pro Max Â· 128 GB Â· T-Mobile,$152.50,5.0 out of 5 stars.,10,from United States,"buybackboss (14,783) 98.8%"
Apple iPhone SE 3rd Gen 64GB Unlocked AT&T T-Mobile Verizon Very Good Condition,FREE FEDEX 2 DAY - 60 DAY RETURNS - 1 YEAR WARRANTY,$232.95,5.0 out of 5 stars.,20,from United States,"supplytronics (102,862) 98.8%"
Apple iPhone X 256GB Factory Unlocked AT&T T-Mobile Verizon Excellent Condition,FREE FEDEX 2 DAY - 60 DAY RETURNS - 1 YEAR WARRANTY,$203.95,4.5 out of 5 stars.,200,from United States,"supplytronics (102,862) 98.8%"
T-Mobile Revvl 6 Pro 5G 128GB T-Mobile Unlocked LTE Smartphone USED 5126,Pre-Owned Â· T-Mobile Revvl Â· 128 GB Â· Unlocked,$77.76,4.0 out of 5 stars.,17,from United States,"discountphonedepot (4,212) 97.4%"
Apple iPhone 11 - 64GB - Fully Unlocked - VERY GOOD condition - SPOTS,Very Good - Refurbished,$219.99,0,0,from United States,"gadget-solutions (1,448) 96.7%"
Motorola One 5G UW Ace - 64GB Gray (T-mobile AT&T Verizon Unlocked) NEW SEALED,Brand New Â· Motorola One 5G Ace Â· 64 GB Â· Unlocked,$110.00,5.0 out of 5 stars.,2,from United States,"yywirelesss (133,584) 98.3%"
New ListingApple iPhone 13 - 128 GB - Midnight T-Mobile Locked- Cell Phone Read Description,Pre-Owned Â· Apple iPhone 13 Â· 128 GB Â· T-Mobile,$300.00,5.0 out of 5 stars.,2,from United States,bishopsbagskicksntoys (105) 97.9%
Apple iPhone 13 Pro Max 512GB Unlocked AT&T T-Mobile Verizon Excellent Condition,FREE FEDEX 2 DAY - 60 DAY RETURNS - 1 YEAR WARRANTY,$657.95,5.0 out of 5 stars.,25,from United States,"supplytronics (102,862) 98.8%"
Apple iPhone 11 6.1in 4GB/128GB Fully Unlocked  - Excellent,Free Shipping** 1 Year Warranty ** Free Returns,$274.99,5.0 out of 5 stars.,31,from United States,"guaranteecellular (163,779) 99.9%"
Samsung Galaxy A71 UW 5G SM-A716U 128GB Prism Black T-Mobile Factory Unlocked OB,Open Box Â· Samsung Galaxy A71 Â· 128 GB Â· T-Mobile,$179.99,4.5 out of 5 stars.,142,from United States,"partlogics (13,843) 99.1%"
Apple iPhone 11 6.1in 4GB/64GB  Fully Unlocked - Very Good,Free Shipping** 1 Year Warranty ** Free Returns,$289.00,4.5 out of 5 stars.,8,from United States,"guaranteecellular (163,779) 99.9%"
"Metro by T-Mobile REVVL V Plus 5G, 6.8"" HD+, 64GB, Prepaid Smartphone - SEALED",Brand New Â· T-Mobile Revvl Plus Â· 64 GB Â· Metro,$94.50,4.0 out of 5 stars.,5,from United States,"buynsell-123 (1,392) 99.5%"
Apple iPhone 8 - 64GB 128GB 256GB Unlocked Verizon AT&T T-Mobile - Excellent!,Very Good - Refurbished,$94.95 to $189.95,0,0,from United States,"tech-hobbies (4,407) 99.1%"
"2023 Reno10 Pro+ Smartphone 7.3"" 16GB+1TB Android Factory Unlocked Mobile Phone~",Brand New,$7.99 to $122.65,0,0,from China,"laoyae (1,834) 94.5%"
Apple iPhone 11 64GB Unlocked Verizon At&t Metro WIFI LTE 4G Smartphone,Pre-Owned,$160.00 to $239.00,0,0,from United States,"solarcprod (6,506) 97.2%"
Original Motorola Mobile Phone Startac 338c Color ,Open Box Â· Unlocked,$169.00,0,0,from China,glassesforyou (760) 100%
Apple iPhone 12 64GB 128GB Unlocked Verizon AT&T Purple/Green - WIFI 5G,Pre-Owned,$196.00 to $326.00,0,0,from United States,"solarcprod (6,506) 97.2%"
UNLOCKED / SPRINT AT&T T-MOBILE VERIZON SAMSUNG GALAXY S8 G950 SMART PHONE PARTS,Parts Only,$29.80 to $59.80,0,0,from United States,"commcentral (63,077) 98%"
REVVL 6 Pro 5G - Gray - 128GB (T-Mobile/Metro Unlocked),Open Box Â· 128 GB Â· T-Mobile,$129.99,0,0,from United States,"onewizard (18,697) 98.6%"
Apple iPhone 12 - 64GB | 128GB - A2172 - (Unlocked) Verizon T-Mobile AT&T Metro,Open Box,$289.95 to $299.95,4.5 out of 5 stars.,30,from United States,"uki-mobile (2,656) 99.3%"
"Triple Sim Mini Mobile Phone 1.3"" Tiny Screen Bluetooth dial Magic voice Phone",Brand New,$27.99,0,0,from China,"davissstore2013 (6,639) 98.6%"
SHARP Android S4B331 Disney Mobile Docomo Dm-01J Pink Japan Tested Working,Pre-Owned,$59.59,0,0,from Japan,japan-hobby-clubs (400) 99.6%
Apple iPhone 8 | 8 Plus 64GB 128GB 256GB GSM Unlocked ATT T-Mobile Metro Cricket,Open Box,$99.95 to $249.95,4.5 out of 5 stars.,119,from United States,"tech-hobbies (4,407) 99.1%"
Apple iPhone 13 - 128GB - (T-Mobile ONLY) Midnight - A2482 - Excellent,Excellent - Refurbished Â· Apple iPhone 13 Â· 128 GB Â· T-Mobile,$375.00,5.0 out of 5 stars.,2,from United States,"smartcellbuyback (16,372) 99.6%"
BlackBerry Classic Q20 16GB+2GB RAM Unlocked LTE Qwerty Keyboard- New Sealed,Brand New,$101.00,0,0,from China,phoneandaccessory (41) 91.8%
New ListingSamsung Galaxy Note 20 Ultra 5G Factory Unlocked - Black,Pre-Owned Â· Samsung Galaxy Note20 Ultra 5G Â· 128 GB Â· AT&T,$150.00,0,0,from United States,"aliluvmike (1,123) 100%"
"Samsung Galaxy A23 5G, Boost Mobile Only | Black, 64 GB, 6.6 in Mint",Open Box Â· Samsung Galaxy A23 5G Â· 32 GB Â· Boost Mobile,$119.99,0,0,from United States,"partlogics (13,843) 99.1%"
95% New Unlocked Motorola RAZR V3 Unlocked Flip GSM Bluetooth   Mobile Phone,Open Box,$37.00 to $41.00,0,0,from China,xmb-123 (333) 97.5%
Apple iPhone 11 64/128GB Factory Unlocked GSM+CDMA AT&T T-Mobile Verizon,Pre-Owned,$164.00 to $302.00,4.5 out of 5 stars.,7,from United States,"solarcprod (6,506) 97.2%"
Samsung Galaxy A52 5G - 128GB - SM-A526U (Unlocked) (Single SIM) Smartphone,Open Box,$134.95 to $154.95,4.5 out of 5 stars.,24,from United States,"uki-mobile (2,656) 99.3%"
Apple iPhone 12 - Black - 128GB - (T-mobile),Pre-Owned Â· Apple iPhone 12 Â· 128 GB Â· T-Mobile,$220.00,0,0,from United States,soniccellphones (95) 96.9%
New ListingApple iPhone 12 Black 64GB Boost Mobile ONLY,Pre-Owned Â· Apple iPhone 12 Â· 64 GB Â· Boost Mobile,$244.99,0,0,from United States,cliffgadgetguy (348) 98.6%
Original Unlocked Sony Ericsson U1 Satio U1i Mobile Phone GPS GSM 3G 12MP Wifi,Open Box Â· Sony Ericsson Satio Â· 68 MB Â· Unlocked,$72.00,0,0,from China,xmb-mobile (270) 97.5%
"OnePlus Nord N20 5G GN2200 6.43"" FHD+ 128GB 64MP AT&T T-MOBILE Unlocked ðŸ”“  8/10",Pre-Owned,$99.50,5.0 out of 5 stars.,5,from United States,"beltronusa (18,994) 99.6%"
Apple iPhone 13 - 128 GB - Blue (â€œDirtyâ€ T-Mobile IMEI ) (Single SIM),Parts Only Â· Apple iPhone 13 Â· 128 GB Â· T-Mobile,$106.50,0,0,from United States,"osogerardo619 (1,670) 100%"
Apple iPhone 11 - 64GB | 128GB (Unlocked) A2111 (CDMA + GSM) Smartphone,Open Box,$199.95 to $284.95,4.5 out of 5 stars.,43,from United States,"uki-mobile (2,656) 99.3%"
OnePlus Nord N20 5G GN2200 T-Mobile Unlocked 128GB Blue Good,"Free Shipping, Free 30 Day Returns",$109.99,0,0,from United States,"yywirelesss (133,584) 98.3%"
Apple iPhone 14 - 128 GB - Midnight (T-Mobile) with Box - Excellent,Pre-Owned Â· Apple iPhone 14 Â· 128 GB Â· T-Mobile,$485.00,5.0 out of 5 stars.,3,from United States,"ezcashsales1 (21,468) 98.8%"
SHARP Android Phone One Segment Tv Disney Mobile White Sh-02G Japan Tested Worki,Pre-Owned,$56.17,0,0,from Japan,japan-hobby-clubs (400) 99.6%
High Quality Nokia 3220 Original Unlocked GSM Cheap Good Mobile Phone,Open Box Â· 3220 Â· 16 MB Â· Unlocked,$14.99,4.0 out of 5 stars.,31,from China,h1919898 (295) 93.1%
Apple iPhone 13 128GB Factory Unlocked AT&T T-Mobile Verizon Very Good Condition,FREE FEDEX 2 DAY - 60 DAY RETURNS - 1 YEAR WARRANTY,$404.95,0,0,from United States,"supplytronics (102,862) 98.8%"
Apple iPhone 8 | 8+ Plus 64GB 128GB 256GB GSM Unlocked AT&T T-Mobile Metro Good!,Very Good - Refurbished,$119.95 to $229.95,4.5 out of 5 stars.,264,from United States,"tech-hobbies (4,407) 99.1%"
T-Mobile Sharp Sidekick 3 (PV200) Silver & Black Cell Phone - *PLEASE READ*,Parts Only Â· T-Mobile Sidekick 3 Â· T-Mobile,$49.99,0,0,from United States,"aasieltd (42,142) 98.2%"
Qin F22 pro Touch screen button mobile WIFI GPS Bluetooth 4G mobile 4GB+64GB,Brand New,$180.00,0,0,from China,smarttiqmini (2) 100%
T-Mobile REVVL 6 PRO 5G - 128GB - Dark Shadow (T-Mobile) (Single SIM),Free Fast Shipping! 1 Year Warranty!,$89.00,5.0 out of 5 stars.,2,from United States,"mrcelly (9,318) 99.4%"
Unlocked New Mini Super Small Mobile Cell Phones 1.77 inch Touch Screen 2G GSM,Brand New,$28.71,0,0,from China,consumer-studio (232) 93.6%
OnePlus NordN105G BE2028 T-Mobile Unlocked 128GB Gray Good,"Free Shipping, Free 30 Day Returns",$79.99,0,0,from United States,"yywirelesss (133,584) 98.3%"
New ListingSamsung Galaxy Z Flip5 (SM-F731U) T-Mobile -256GB -LAVENDER - ISSUES #Y687,Parts Only Â· Samsung Galaxy Z Flip5 Â· 256 GB Â· T-Mobile,$0.01,0,0,from United States,"wise-smartphones (34,490) 97.9%"
Samsung Galaxy S8 SM-G950U - 64GB - Midnight Black (T-Mobile) Smartphone,Pre-Owned Â· Samsung Galaxy S8 Â· 64 GB Â· T-Mobile,$48.30,4.5 out of 5 stars.,157,from United States,shayow-65 (85) 97.8%
Apple iPhone SE 3rd Gen 64GB Unlocked AT&T T-Mobile Verizon Very Good Condition,FREE FEDEX 2 DAY - 60 DAY RETURNS - 1 YEAR WARRANTY,$232.95,5.0 out of 5 stars.,20,from United States,"supplytronics (102,862) 98.8%"
Motorola RAZR V3 Flip Bluetooth MP4 video Unlocked GSM Mobile Phone (8 Colors),Pre-Owned,$35.00,0,0,from United States,ruixiangtrade (244) 95.8%
Samsung Galaxy S9 SM-G960U 64GB Black Unlocked AT&T & T-Mobile Verizon Excellent,Open Box Â· Samsung Galaxy S9 SM-G960U Â· 64 GB Â· AT&T,$120.99,5.0 out of 5 stars.,1,from United States,"mistyelectronics (131,737) 99.6%"
Samsung Galaxy A32 5G 64GB 4GB RAM Black (T-Mobile) Smartphone - Pristine,Open Box Â· Samsung Galaxy A32 5G Â· 64 GB Â· T-Mobile,$105.00,4.5 out of 5 stars.,88,from United States,"havearly (8,980) 99.5%"
Celero 5G Plus 7â€™ Screen 2024 Boost Mobile 256GB Google Android 14 smartphone,Brand New Â· 256 GB Â· Boost Mobile,$206.00,0,0,from United States,suspyria (671) 100%
New Apple iPhone 14 Pro Max 5G â€¢ AT&T/Verizon/T-Mobile â€¢ 128GB/256GB/512GB/1TB,One Year Warranty â€¢ Free 2 Day Shipping,$799.99,0,0,from United States,"innovee.tech (20,275) 98.9%"
Motorola Razr V3i Dolce Gabbnna (Limited Edition) Unlocked Flip Mobile Phone,Pre-Owned Â· Motorola RAZR V3i Â· 10 MB Â· Unlocked,$39.00,0,0,from United States,ruixiangtrade (244) 95.8%
"Samsung C3520 GSM 1.3 MP Camera 2.4"" Screen Original Unlocked Flip Mobile Phone",Pre-Owned,$29.00,0,0,from China,electronicsmart88 (633) 95.7%
Unlocked Original Nokia E72 3G Bluetooth 5MP GPS WIFI  FM radio Bar Mobile Phone,Pre-Owned,$35.99,0,0,from China,miyaphones888 (284) 94.2%
Apple iPhone 11 - 64GB | 128GB (Unlocked) A2111 (CDMA + GSM) All Colors,Open Box,$214.95 to $299.95,4.5 out of 5 stars.,43,from United States,"ideal-mobile (4,311) 99.4%"
"Metro by T-Mobile REVVL V Plus 5G, 6.8"" HD+, 64GB, Prepaid Smartphone - SEALED",Brand New Â· T-Mobile Revvl Plus Â· 64 GB Â· Metro,$94.50,4.0 out of 5 stars.,5,from United States,"buynsell-123 (1,392) 99.5%"
LG V60 THINQ 5G LM-V600AM V600TM V600VM 128GB Unlocked Smartphone - New Unopened,Brand New,$238.00,4.5 out of 5 stars.,111,from China,xronline (977) 94.1%
Apple iPhone 11 - 128GB - Fully Unlocked (CDMA+GSM) - Mint Condition,Pre-Owned,$171.00 to $315.00,5.0 out of 5 stars.,14,from United States,"solarcprod (6,506) 97.2%"
SHARP Docomo Mobile Sh904I Japanese Keitai Garake Flip Phone Cell Phone,Pre-Owned,$50.04,0,0,from Japan,japan-hobby-clubs (400) 99.6%
"2023 Reno10 Pro+ Smartphone 7.3"" 16GB+1TB Android Factory Unlocked Mobile Phone.",Brand New,$119.99,0,0,from China,"laoyae (1,834) 94.5%"
"2023 Reno10 Pro+ Smartphone 5.5"" 16GB+1TB Android Factory Unlocked Mobile Phone+",Brand New,$72.99,0,0,from China,"laoyae (1,834) 94.5%"
Original Nokia 6300 Cellphone Unlocked FM Camera MP3 Bluetooth Mobile Bar Phone,Pre-Owned Â· Nokia 6300 Â· 7.8 MB Â· Unlocked,$28.99,4.5 out of 5 stars.,2,from China,xronline (977) 94.1%
NEW Samsung Galaxy S8+ Plus G955U 64GB (Unlocked GSM+CDMA) AT&T T-Mobile Verizon,Brand New,$194.88,5.0 out of 5 stars.,7,from United States,"amcelltech (61,694) 99.1%"
"Global Version SPARK 10 PRO Android 13 Smartphone 7.3"" Mobile Phone Dual SIM OTG",Brand New,$139.99 to $169.99,0,0,from China,lanxus2010 (94) 80.1%
Unlocked Original Motorola RAZR2 V8 Mobile Phone 2GB Flip GSM Cell Phone,Pre-Owned,$54.99,0,0,from China,xronline (977) 94.1%
Original Nokia C Series C3-00 Unlocked Mobile Phone Bluetooth FM JAVA 2MP WIFI,Pre-Owned,$29.99,0,0,from China,"xrgreatphones (1,827) 94.5%"
Nokia 8800 Classic Mobile Phone Unlocked GSM 2G FM Radio Bluetooth MP3 CellPhone,Pre-Owned,$131.00,0,0,from China,xrenjoylife (566) 95.8%
T-Mobile Sidekick Slide Q700 Vintage Phone (T-Mobile) - Purple - ASIS #829,Pre-Owned Â· T-Mobile Sidekick Â· 128 MB Â· T-Mobile,$89.99,0,0,from United States,lugiasphones (301) 98.9%
Samsung Galaxy A71 5G 128GB Black (AT&T | T-Mobile) Fair - Screen Flaw,Pre-Owned Â· Samsung Galaxy A71 Â· 128 GB Â· AT&T,$75.00,4.5 out of 5 stars.,43,from United States,"learbre (6,572) 99.6%"
Apple iPhone 14 - 128GB - T-Mobile - Purple - 5G Smartphone - EXCELLENT,Excellent - Refurbished Â· Apple iPhone 14 Â· 128 GB Â· T-Mobile,$438.99,0,0,from United States,"pocketaces_deals (3,742) 99.8%"
Apple iPhone XR 64GB Verizon GSM Unlocked T-Mobile AT&T 4G LTE - Excellent,Excellent - Refurbished,$199.97 to $204.97,4.5 out of 5 stars.,18,from United States,"tekreplay (101,255) 97.1%"
Factory Unlocked Motorola Moto G Stylus 2022 5G Blue 128GB Smartphone - Pristine,Open Box Â· Motorola Moto G Stylus Â· 128 GB Â· Unlocked,$125.00,5.0 out of 5 stars.,21,from United States,"havearly (8,980) 99.5%"
Original Nokia C Series C3-00 Unlocked Mobile Phone Bluetooth FM JAVA 2MP WIFI,Pre-Owned,$29.99,0,0,from China,"xrgreatphones (1,827) 94.5%"
Nokia 8800 Classic Mobile Phone Unlocked GSM 2G FM Radio Bluetooth MP3 CellPhone,Pre-Owned,$131.00,0,0,from China,xrenjoylife (566) 95.8%
[ALT] MIVE STYLE FOLDER MOBILE BLACK,Brand New Â· 32 GB,$198.00,0,0,from South Korea,"lightnspace (20,772) 76.5%"
Apple iPhone X 64GB Factory Unlocked AT&T T-Mobile Verizon Excellent Condition,FREE FEDEX 2 DAY - 60 DAY RETURNS - 1 YEAR WARRANTY,$181.95,4.5 out of 5 stars.,49,from United States,"supplytronics (102,862) 98.8%"
Apple iPhone XS 256GB Factory Unlocked AT&T T-Mobile Verizon Excellent Condition,FREE FEDEX 2 DAY - 60 DAY RETURNS - 1 YEAR WARRANTY,$206.95,5.0 out of 5 stars.,15,from United States,"supplytronics (102,862) 98.8%"
Apple iPhone 12 128GB 64GB Unlocked (CDMA + GSM) Smartphone - Clean IMEI,Pre-Owned,$199.00 to $329.00,0,0,from United States,"solarcprod (6,506) 97.2%"
Original Unlocked Nokia E71 Full Qwerty Smartphone Mobile Phone Black/White,Pre-Owned,$31.00,0,0,from China,xronline (977) 94.1%
New ListingiPhone 12 Pro Max - 128GB - T-Mobile (Read Description) AF1113,Pre-Owned Â· Apple iPhone 12 Pro Max Â· 128 GB Â· T-Mobile,$152.50,5.0 out of 5 stars.,10,from United States,"buybackboss (14,783) 98.8%"
Luxury K9 Bluetooth Dual Sim Mobile phone Stainless Metal Camera FM Cell Phone,Brand New,$44.21,0,0,from China,consumer-studio (232) 93.6%
Apple iPhone 12 64GB Unlocked Verizon AT&T T-Mobile WIFI IOS 5G,Pre-Owned,$196.00 to $304.00,0,0,from United States,"solarcprod (6,506) 97.2%"
Samsung Galaxy S21 | S21+ Plus 5G 128GB - (Unlocked) Verizon T-Mobile AT&T,Open Box,$214.95 to $339.95,5.0 out of 5 stars.,4,from United States,"uki-mobile (2,656) 99.3%"
Apple iPhone 8+ Plus - 64GB 128GB 256GB Unlocked Verizon AT&T T-Mobile - Good,Very Good - Refurbished,$134.95 to $229.95,4.5 out of 5 stars.,60,from United States,"tech-hobbies (4,407) 99.1%"
"Brand New Sealed in Box ONEPLUS Nord N30 (2023) Unlocked, 8gb Ram, Dual Sim !",Brand New Â· OnePlus Nord Â· 128 GB Â· Unlocked,$209.99,4.5 out of 5 stars.,7,from United States,"jerseygirl1571 (7,066) 99.3%"
Apple iPhone 15 256GB Factory Unlocked AT&T T-Mobile Verizon Excellent Condition,FREE FEDEX 2 DAY - 60 DAY RETURNS - 1 YEAR WARRANTY,$744.95,0,0,from United States,"supplytronics (102,862) 98.8%"
Sony Ericsson Walkman W595 (Unlocked) GSM 3G Cellular Phone Mobile Cell phone,Pre-Owned,$49.00,0,0,from China,electronicsmart88 (633) 95.7%
Nokia Sirocco 8800 Original Unlocked GSM Luxury Mobile CellPhone Free Shipping,Pre-Owned,$135.00,0,0,from China,xrenjoylife (566) 95.8%
"OnePlus Nord N20 5G GN2200 6.43"" FHD+ 128GB 64MP AT&T T-MOBILE Unlocked ðŸ”“  8/10",Pre-Owned,$99.50,5.0 out of 5 stars.,5,from United States,"beltronusa (18,994) 99.6%"
Motorola BM3A01 Defy Satellite Phone,Brand New,$127.74,0,0,from United States,"ceshowroom (76,124) 99.7%"
Apple iPhone 14 Plus 256GB Unlocked AT&T T-Mobile Verizon Very Good Condition,FREE FEDEX 2 DAY - 60 DAY RETURNS - 1 YEAR WARRANTY,$569.95,5.0 out of 5 stars.,3,from United States,"supplytronics (102,862) 98.8%"
"Apple iPhone 8 (Great Condition) Factory Unlocked, AT&T, T-Mobile Verizon OR GSM",Pre-Owned,$164.99 to $174.99,4.5 out of 5 stars.,382,from United States,"familytree2007 (8,744) 99.7%"
Samsung Galaxy S22 Ultra 5G FACTORY UNLOCKED Smartphone - GOOD,Good - Refurbished,$494.00 to $534.00,4.5 out of 5 stars.,20,from United States,"mobile_tek_usa (16,367) 98.8%"
Apple iPhone SE 2nd Gen. - 64GB - Black (Boost Mobile-locked) A2275 (CDMA + GSM),Pre-Owned Â· Apple iPhone SE (2nd Generation) Â· 64 GB Â· Boost Mobile,$70.00,4.5 out of 5 stars.,4,from United States,"cellularstore (2,787) 99.2%"
Apple iPhone SE 2nd Gen (Great Condition) Unlocked Verizon AT&T T-Mobile SE2 8,Pre-Owned,$164.99 to $174.99,4.5 out of 5 stars.,30,from United States,"familytree2007 (8,744) 99.7%"
Samsung Galaxy S23 128GB 5G S911U (T-Mobile) - Excellent,Excellent - Refurbished,$419.99,0,0,from United States,"liquidation_electronics (14,050) 98.6%"
New Apple iPhone 8 64GB Gold Unlocked all carriers -Verizon ATT T-Mobile,Open Box Â· Apple iPhone 8 Â· 64 GB Â· AT&T,$122.99,0,0,from United States,"mistyelectronics (131,737) 99.6%"
Apple iPhone 12 128/64GB - Fully Unlocked - All colors - Used Condition,Pre-Owned,$199.00 to $329.00,0,0,from United States,"solarcprod (6,506) 97.2%"
Apple iPhone 14 Pro 128GB (Verizon/AT&T/T-Mobile) - Fair,Pre-Owned,$499.99,0,0,from United States,"liquidation_electronics (14,050) 98.6%"
Apple iPhone 14 Pro Max 128GB (Verizon/AT&T/T-Mobile) - Good,Good - Refurbished,$649.99,0,0,from United States,"liquidation_electronics (14,050) 98.6%"
Apple iPhone 12 Pro 256GB Factory Unlocked AT&T T-Mobile Verizon Good Condition,FREE FEDEX 2 DAY - 60 DAY RETURNS - 1 YEAR WARRANTY,$361.95,4.5 out of 5 stars.,2,from United States,"supplytronics (102,862) 98.8%"
LG Stylo 6 64GB LM-Q730 Smartphone T-MOBILE | SPECTRUM | XFINITY - GOOD,Good - Refurbished,$54.99,0,0,from United States,"dealscaly (134,376) 99%"
Samsung Galaxy A03s - SM-A037U - 32GB - Black - (Boost Mobile) - EXCELLENT,Excellent - Refurbished Â· Samsung Galaxy A03s Â· 32 GB Â· Boost Mobile,$59.00,0,0,from United States,"bbc-store (6,507) 98.8%"
Rakuten Hand 5G Mobile Smartphone,Pre-Owned,$127.63,0,0,from Japan,myu_marche.vintagejp (195) 99%
Samsung Galaxy S21 FE 128GB T-MOBILE | AT&T | VERIZON | SPECTRUM | XFINITY -GOOD,Good - Refurbished,$149.99 to $169.99,5.0 out of 5 stars.,8,from United States,"dealscaly (134,376) 99%"
Samsung Galaxy S20 5G G981U 128GB GSM Unlocked ATT  T-Mobile & Verizon Excellent,Open Box,$209.99,4.5 out of 5 stars.,118,from United States,"mistyelectronics (131,737) 99.6%"
T-Mobile Sharp Sidekick LX (PV250) Swivel QWERTY Cellular Phone - SMALL ISSUE,Pre-Owned Â· T-Mobile Sidekick Â· 64 MB Â· T-Mobile,$90.99,0,0,from United States,"aasieltd (42,142) 98.2%"
NOKIA 7373 vintage rare phone mobile WORKING.,Pre-Owned Â· 9 KB,$25.00,0,0,from Estonia,"amidson (1,105) 100%"
Apple iPhone 14 Pro 256GB Unlocked AT&T T-Mobile Verizon Very Good Condition,FREE FEDEX 2 DAY - 60 DAY RETURNS - 1 YEAR WARRANTY,$699.95,5.0 out of 5 stars.,3,from United States,"supplytronics (102,862) 98.8%"
Apple iPhone 13 128GB Unlocked Smartphone - Excellent,FREE 2DAY SHIPPING-60DAY RETURNS-1YR ALLSTATE WARRANTY,$424.95,4.0 out of 5 stars.,1,from United States,"bidallies (347,295) 98.7%"
Apple iPhone 12 Pro 128GB Factory Unlocked AT&T T-Mobile Verizon Good Condition,FREE FEDEX 2 DAY - 60 DAY RETURNS - 1 YEAR WARRANTY,$346.95,5.0 out of 5 stars.,2,from United States,"supplytronics (102,862) 98.8%"
Samsung Galaxy S21 Plus + 5G SM-G996U 128GB Unlocked Smartphone - Good,Good - Refurbished,$229.99,5.0 out of 5 stars.,18,from United States,"dealscaly (134,376) 99%"
New ListingNEW OPEN BOX SAMSUNG GALAXY S21 ULTRA UNLOCKED 4 ALL CARRIER SM-G998U BLACK,âœˆï¸SAME DAYâœˆï¸â”‚âœ”ï¸ 1 YEAR WARRANTYâœ”ï¸â”‚ðŸŽ‰ðŸŽ‰HAPP NEW YEARðŸŽ‰ðŸŽ‰,$331.08,0,0,from United States,coolclearwater (129) 100%
Apple iPhone 13 Pro 512GB Factory Unlocked AT&T T-Mobile Verizon Fair Condition,FREE FEDEX 2 DAY DELIVERY NATIONWIDE AND 60 DAY RETURNS,$479.95,0,0,from United States,"supplytronics (102,862) 98.8%"
Apple iPhone 13 Pro Max 512GB Unlocked AT&T T-Mobile Verizon Excellent Condition,FREE FEDEX 2 DAY - 60 DAY RETURNS - 1 YEAR WARRANTY,$657.95,5.0 out of 5 stars.,25,from United States,"supplytronics (102,862) 98.8%"
Apple iPhone XS 512GB Factory Unlocked AT&T T-Mobile Verizon Very Good Condition,FREE FEDEX 2 DAY - 60 DAY RETURNS - 1 YEAR WARRANTY,$224.95,5.0 out of 5 stars.,29,from United States,"supplytronics (102,862) 98.8%"
Samsung Galaxy A71 5G - 128GB - (Unlocked) Verizon AT&T T-Mobile Metro Cricket,Open Box,$124.95 to $144.95,4.5 out of 5 stars.,171,from United States,"tech-hobbies (4,407) 99.1%"
Apple iPhone 13- 128GB-A2482 -Locked- For T-Mobile A+ ðŸ”‹ 100% BH- APPLE WARRANTY,Open Box Â· Apple iPhone 13 Â· 128 GB Â· T-Mobile,$369.95,5.0 out of 5 stars.,2,from United States,mobiletech80 (502) 99.2%
Cat S62 128GB Black (T-Mobile) - Good,Good - Refurbished Â· 128 GB,$51.99,0,0,from United States,"cellularprofessor (15,202) 99.4%"
Apple iPhone 14 128GB Factory Unlocked AT&T T-Mobile Verizon Fair Condition,FREE FEDEX 2 DAY DELIVERY NATIONWIDE AND 60 DAY RETURNS,$429.95,5.0 out of 5 stars.,1,from United States,"supplytronics (102,862) 98.8%"
Google Pixel 7 - Factory Unlocked (128GB | 256GB) - Obsidian | Lemongrass | Snow,Pre-Owned,$265.00 to $299.00,5.0 out of 5 stars.,2,from United States,"learbre (6,572) 99.6%"
Apple iPhone 14 Pro 128GB (Verizon/AT&T/T-Mobile) - Good,Good - Refurbished,$549.99,0,0,from United States,"liquidation_electronics (14,050) 98.6%"
Google Pixel 6 5G Android Phone Unlocked Smartphone 128GB - Good Condition,Good - Refurbished,$154.99,5.0 out of 5 stars.,57,from United States,"dealscaly (134,376) 99%"
Apple iPhone 13 Pro 512GB Unlocked AT&T T-Mobile Verizon Excellent Condition,FREE FEDEX 2 DAY - 60 DAY RETURNS - 1 YEAR WARRANTY,$607.95,5.0 out of 5 stars.,4,from United States,"supplytronics (102,862) 98.8%"
Apple iPhone 13 Pro 512GB Factory Unlocked AT&T T-Mobile Verizon Good Condition,FREE FEDEX 2 DAY - 60 DAY RETURNS - 1 YEAR WARRANTY,$514.95,0,0,from United States,"supplytronics (102,862) 98.8%"
Apple iPhone 8 | 8 Plus 64GB 128GB 256GB GSM Unlocked ATT T-Mobile Metro Cricket,Open Box,$99.95 to $249.95,5.0 out of 5 stars.,5,from United States,"tech-hobbies (4,407) 99.1%"
Apple iPhone 6/6 Plus 16GB 64GB 128GB Unlocked Verizon At&t T-Mobile Tracfone 4,Pre-Owned,$37.00 to $107.00,0,0,from United States,"solarcprod (6,506) 97.2%"
Apple iPhone SE 3rd Gen 64GB 128GB 256GB GSM Unlocked ATT T-Mobile Metro Cricket,Open Box,$194.95 to $249.95,4.5 out of 5 stars.,3,from United States,"tech-hobbies (4,407) 99.1%"
Smartphone Dual Sim Android System 10.0 4G Mobile Cell Phone+Headset Fashion,Brand New,$59.83,0,0,from China,mifitu (129) 97.1%
Apple iPhone 7 Plus 128GB Verizon GSM Unlocked T-Mobile AT&T 4G LTE - Used,Good - Refurbished,$119.97,4.0 out of 5 stars.,13,from United States,"tekreplay (101,255) 97.1%"
"Brand New Sealed in Box ONEPLUS Nord N30 (2023) Unlocked, 8gb Ram, Dual Sim !",Brand New Â· OnePlus Nord Â· 128 GB Â· Unlocked,$209.99,4.5 out of 5 stars.,7,from United States,"jerseygirl1571 (7,066) 99.3%"
Stratus C5 Elite Cloud Mobile 4G 16GB White TruConnect Factory Sealed NEW,Brand New Â· 16 GB Â· TruConnect,$25.00,0,0,from United States,"johnnyp1000 (5,928) 100%"
T-Mobile REVVL 6 PRO 5G - 128GB - Dark Shadow (T-Mobile) (Single SIM),Free Fast Shipping! 1 Year Warranty!,$89.00,5.0 out of 5 stars.,2,from United States,"mrcelly (9,318) 99.4%"
Apple iPhone 14 Pro 128GB Unlocked AT&T T-Mobile Verizon Good Condition,FREE FEDEX 2 DAY - 60 DAY RETURNS - 1 YEAR WARRANTY,$642.95,5.0 out of 5 stars.,6,from United States,"supplytronics (102,862) 98.8%"
Samsung Galaxy A71 5G - 128GB - (Unlocked) Verizon AT&T T-Mobile Metro Cricket,Open Box,$124.95 to $144.95,4.5 out of 5 stars.,171,from United States,"tech-hobbies (4,407) 99.1%"
Samsung Galaxy S21+ Plus G996U Unlocked T-Mobile Verizon Smartphone | Shaded,Pre-Owned,$199.99,4.5 out of 5 stars.,98,from United States,"miamiwireless (6,170) 98.7%"
Open Box Samsung Galaxy S9 64GB GSM/CDMA Unlocked T-Mobile Verizon AT&T SM-G960U,FAST Priority 2 Day Delivery | GSM/CDMA Unlocked,$134.95,4.5 out of 5 stars.,21,from United States,"compustore2020 (10,299) 98.5%"
"Apple iPhone 2G 1st generation 8GB screen black blocks cracks, touch is normal",Parts Only Â· Apple iPhone (1st Generation) Â· 8 GB,$18.99,0,0,from China,dream12345 (364) 94.4%
Samsung Galaxy S21 SM-G991U 5G 128GB T-MOBILE | AT&T - Grade B+,Pre-Owned,$174.99,4.5 out of 5 stars.,4,from United States,"dealscaly (134,376) 99%"
TCL 30 XE 5G T767W T-Mobile Unlocked 64GB Black Excellent,"Free Shipping, Free 30 Day Returns",$69.99,0,0,from United States,"yywirelesss (133,584) 98.3%"
OnePlus 8 (IN2017) 128GB - Interstellar Glow (GSM Unlocked) (T-Mobile) - *READ*,Parts Only Â· OnePlus 8 Â· 128 GB Â· T-Mobile,$82.99,0,0,from United States,"aasieltd (42,142) 98.2%"
OnePlus 10 Pro NE2217 T-mobile Unlocked 128GB Black C Extreme Burn,"Free Shipping, Free 30 Day Returns",$199.99,0,0,from United States,"yywirelesss (133,584) 98.3%"
New ListingNokia XpressMusic 5610 Vintage Slider Phone (T-Mobile) - Red - ASIS #1206,Pre-Owned Â· 20 MB Â· T-Mobile,$49.99,0,0,from United States,lugiasphones (301) 98.9%
"Samsung Galaxy Z Flip4 5G, SM-F721U, 256GB (T-Mobile/Metro)  Blue - Very Good",Very Good - Refurbished Â· Samsung Galaxy Z Flip4 Â· 256 GB Â· T-Mobile,$295.00,0,0,from United States,"smartcellbuyback (16,372) 99.6%"
Motorola RAZR V3 Flip Bluetooth GSM 850 /900 /1800 /1900 Unlocked Mobile Phone,Pre-Owned,$32.77,0,0,from United States,flyhopelecmart (94) 98.9%
New ListingT-mobile Sidekick 2 PV-100 - FOR PARTS,Parts Only Â· T-Mobile Sidekick,$0.99,0,0,from United States,"jasontd101 (3,349) 99.5%"
Google Pixel 7 - Factory Unlocked (128GB | 256GB) - Obsidian | Lemongrass | Snow,Pre-Owned,$265.00 to $299.00,5.0 out of 5 stars.,2,from United States,"learbre (6,572) 99.6%"
Apple iPhone 7 Plus A1661 32GB Jet Black 2018 T Mobile,Pre-Owned Â· Apple iPhone 7 Plus Â· 32 GB Â· T-Mobile,$75.00,4.0 out of 5 stars.,16,from United States,"feltsuit (4,555) 99%"
Apple iPhone 11 A2111 64/128/256GB Sprint Verizon T-Mobile AT&T Unlocked Good,Pre-Owned,$189.99 to $279.99,0,0,from United States,"gsmsupplier (42,046) 98.7%"
"2023 Reno10 Pro+ Smartphone 5.5"" 16GB+1TB Android Factory Unlocked Mobile Phone+",Brand New,$72.99,0,0,from China,"laoyae (1,834) 94.5%"
Apple iPhone 13 128GB - Pink(T-Mobile Only) Cracked Front & Back Clean IMEI,Parts Only Â· Apple iPhone 13 Â· 128 GB Â· T-Mobile,$219.99,5.0 out of 5 stars.,2,from United States,"ezshipping_1 (1,301) 99%"
Apple iPhone 13 MINI 128GB 256GB 512GB (UNLOCKED)  âœ…1 YR APPLE WARNTYâœ… âœ¤SEALEDâœ¤,âœˆï¸ FREE 2 DAYS âœˆï¸â”‚âœ…FULL APPLE WARRANTY âœ…ðŸ”¥BEST PRICE ðŸ”¥,$597.95 to $669.95,0,0,from United States,"santamonicawireless (30,532) 99.2%"
ðŸ“± Apple iPhone 5S 16/32/64GB Unlocked Used No fingerprint mobile phone IOS12 ðŸ“±,Pre-Owned,$26.00,4.5 out of 5 stars.,30,from China,gsm-mobile (42) 100%
Wingtech Revvl 6 Pro 5G TMAF035G T-Mobile Unlocked 128GB Gray Very Good,"Free Shipping, Free 30 Day Returns",$95.00,0,0,from United States,"yywirelesss (133,584) 98.3%"
UNLOCKED / AT&T T-Mobile / Samsung Galaxy A03s A037U 4G LTE Smart Phone *A GRADE,Pre-Owned,$44.91 to $65.52,3.5 out of 5 stars.,5,from United States,"commcentral (63,077) 98%"
T-Mobile Sharp Sidekick LX (PV250) Swivel QWERTY Cellular Phone - SMALL ISSUE,Pre-Owned Â· T-Mobile Sidekick Â· 64 MB Â· T-Mobile,$90.99,0,0,from United States,"aasieltd (42,142) 98.2%"
"Unlocked 8GB+256GB 7.3"" F5 Pro 5G Smartphone Android 13 Dual SIM Mobile Phones",Brand New,$129.99,0,0,from China,smoore-9 (23) 82.9%
Apple iPhone SE 2nd Gen. - 64GB - Black (Boost Mobile-locked) A2275 (CDMA + GSM),Pre-Owned Â· Apple iPhone SE (2nd Generation) Â· 64 GB Â· Boost Mobile,$70.00,4.5 out of 5 stars.,4,from United States,"cellularstore (2,787) 99.2%"
Samsung Galaxy S9+ Plus SM-G965U 64GB GSM Unlocked for AT&T T-Mobile & Verizon,Open Box,$142.99,4.5 out of 5 stars.,7,from United States,"mistyelectronics (131,737) 99.6%"
Apple iPhone 14 Plus 128GB Factory Unlocked AT&T T-Mobile Verizon Fair Condition,FREE FEDEX 2 DAY DELIVERY NATIONWIDE AND 60 DAY RETURNS,$439.95,3.5 out of 5 stars.,3,from United States,"supplytronics (102,862) 98.8%"
Apple iPhone 11 Pro 256GB Factory Unlocked AT&T T-Mobile Verizon Fair Condition,FREE FEDEX 2 DAY DELIVERY NATIONWIDE AND 60 DAY RETURNS,$273.95,4.5 out of 5 stars.,6,from United States,"supplytronics (102,862) 98.8%"
Apple iPhone XS Max 256GB Factory Unlocked AT&T T-Mobile Verizon Good Condition,FREE FEDEX 2 DAY - 60 DAY RETURNS - 1 YEAR WARRANTY,$227.95,4.5 out of 5 stars.,137,from United States,"supplytronics (102,862) 98.8%"
Apple iPhone 14 Pro Max 128GB Deep Purple (T-Mobile) For Parts READ Description,Parts Only Â· Apple iPhone 14 Pro Max Â· 128 GB Â· AT&T,$315.00,5.0 out of 5 stars.,1,from United States,retrobargins (240) 100%
Apple iPhone X 64GB 128GB 256GB Verizon AT&T T-Mobile Unlocked (Excellent),Excellent - Refurbished,$184.99 to $199.99,0,0,from United States,"wireless-source (5,477) 97%"
REVVL 6 Pro 5G - Gray - 128GB (T-Mobile/Metro Unlocked) good**,Pre-Owned Â· 128 GB Â· T-Mobile,$84.90,0,0,from United States,"onewizard (18,697) 98.6%"
8/10 *GSM Unlocked* LG G7 ThinQ 64GB Platinum Gray (T-Mobile) **,Pre-Owned Â· LG G7 ThinQ Â· 64 GB Â· T-Mobile,$64.99,4.5 out of 5 stars.,64,from United States,"onewizard (18,697) 98.6%"
Samsung Galaxy Z Flip (5G) SM-F707W T-Mobile/ At&t 256GB Mystic Bronze Very Good,Pre-Owned Â· Samsung Galaxy Z Flip 5G Â· 256 GB Â· AT&T,$219.99,1.0 out of 5 stars.,1,from United States,"versitallink (1,425) 95.9%"
Apple iPhone SE 2nd Gen (Great Condition) Unlocked Verizon AT&T T-Mobile SE2 8,Pre-Owned,$164.99 to $174.99,4.5 out of 5 stars.,30,from United States,"familytree2007 (8,744) 99.7%"
Samsung Galaxy A11 SM-A115U 32GB Black T-Mobile - Back Camera Lens Hairline,Pre-Owned Â· Samsung Galaxy A11 Â· 32 GB Â· Unlocked,$37.50,4.5 out of 5 stars.,55,from United States,rickrosaye (624) 98%
Wingtech REVVL 6X Pro TMRV06P5G T-Mobile Unlocked 256GB Blue Good,"Free Shipping, Free 30 Day Returns",$109.99,0,0,from United States,"yywirelesss (133,584) 98.3%"
Apple iPhone XR - 64GB - Fully Unlocked (CDMA+GSM) - VERY GOOD Condition - SPOTS,Very Good - Refurbished,$149.99,4.5 out of 5 stars.,17,from United States,"gadget-solutions (1,448) 96.7%"
Apple iPhone12 64G unlocks GSM Verizon ATT T-Mobile with two charging cables A+,Open Box,$252.00,0,0,from United States,super-device (55) 98.2%
Apple iPhone X 256GB Carrier Unlocked GSM - CDMA + All Carriers - Very good,Very Good - Refurbished,$188.99,0,0,from United States,"addicttech (2,501) 99.7%"
Apple iPhone 14 Plus 256GB Factory Unlocked AT&T T-Mobile Verizon Good Condition,FREE FEDEX 2 DAY - 60 DAY RETURNS - 1 YEAR WARRANTY,$546.95,5.0 out of 5 stars.,1,from United States,"supplytronics (102,862) 98.8%"
New ListingGoogle Pixel 8 128GB - T-Mobile Check ESN Cracked Front Back,Parts Only Â· Google Pixel 8 Â· 128 GB Â· T-Mobile,$180.00,0,0,from United States,hiel-780 (345) 97.1%
Samsung Galaxy A54 5G SM-A546U 128GB Black 6.4'' Unlocked AT&T TracFone - Good,Good - Refurbished,$175.00 to $215.00,0,0,from United States,"teeerashop (3,125) 99.1%"
"S23 Ultra Smartphone 7.3"" 4+64GB Android Unlocked Mobile Phones Super Cheap",Brand New,$34.90 to $139.00,0,0,from China,"home_depot_no.1 (1,248) 97.2%"
Apple iPhone XR 256GB Factory Unlocked AT&T T-Mobile Verizon Very Good Condition,FREE FEDEX 2 DAY - 60 DAY RETURNS - 1 YEAR WARRANTY,$209.95,4.0 out of 5 stars.,14,from United States,"supplytronics (102,862) 98.8%"
Apple iPhone 12 Pro 512GB Factory Unlocked AT&T T-Mobile Verizon Fair Condition,FREE FEDEX 2 DAY DELIVERY NATIONWIDE AND 60 DAY RETURNS,$344.95,4.5 out of 5 stars.,4,from United States,"supplytronics (102,862) 98.8%"
NEW Samsung Galaxy S10 SM-G973U 128GB Unlocked (GSM+CDMA) AT&T T-Mobile Verizon,Brand New,$229.88,4.5 out of 5 stars.,56,from United States,"amcelltech (61,694) 99.1%"
Apple iPhone XS Max 512GB Unlocked AT&T T-Mobile Verizon Very Good Condition,FREE FEDEX 2 DAY - 60 DAY RETURNS - 1 YEAR WARRANTY,$279.95,4.5 out of 5 stars.,68,from United States,"supplytronics (102,862) 98.8%"
MOTO G Stylus 5G 128GB XT2131DL UNLOCKED ðŸ’Ž Tracfone Verizon T-mobile,Open Box Â· Motorola Moto G Stylus (2021) Â· 128 GB Â· Unlocked,$99.88,5.0 out of 5 stars.,2,from United States,blacktigertechinc (609) 100%
Samsung Galaxy S21 Plus + 5G SM-G996U 128GB Unlocked Smartphone - Good,Good - Refurbished,$229.99,4.5 out of 5 stars.,98,from United States,"dealscaly (134,376) 99%"
"Samsung Z Flip4 5G SM-F721U 128GB (Unlocked) Verizon, AT&T, T-Mobile 4322",Pre-Owned Â· Samsung Galaxy Z Flip4 Â· 128 GB Â· T-Mobile,$209.00,0,0,from United States,"phonegorillas (17,618) 98.7%"
Original Unlocked Sony Ericsson U1 Satio U1i Mobile Phone GPS GSM 3G 12MP Wifi,Open Box Â· Sony Ericsson Satio Â· 68 MB Â· Unlocked,$72.00,0,0,from China,xmb-mobile (270) 97.5%
Brand New Samsung Galaxy Z Flip SM-F700U 256GB AT&T Purple Unlocked Smartphone,Brand New Â· Samsung Galaxy Z Flip Â· 256 GB Â· AT&T,$249.99,4.5 out of 5 stars.,2,from United States,"cph2020 (76,778) 99.5%"
Apple iPhone X/XR 64GB 256GB Unlocked Verizon At&t T-Mobile US Spec Smartphone,Pre-Owned,$127.00 to $239.00,0,0,from United States,"solarcprod (6,506) 97.2%"
Samsung Galaxy A71 5G 128GB Black (AT&T | T-Mobile) Fair - Screen Flaw,Pre-Owned Â· Samsung Galaxy A71 Â· 128 GB Â· AT&T,$75.00,4.5 out of 5 stars.,43,from United States,"learbre (6,572) 99.6%"
IOS9 Apple iPhone 4S 8 16 32 64GB unlocked for all countries 3G IOS6 mobile,Open Box,$29.00 to $38.00,0,0,from China,t-mobliephone (165) 96.6%
Apple iPhone 13 Pro 256GB Factory Unlocked AT&T T-Mobile Verizon Good Condition,FREE FEDEX 2 DAY - 60 DAY RETURNS - 1 YEAR WARRANTY,$524.95,0,0,from United States,"supplytronics (102,862) 98.8%"
New Apple iPhone 8 64GB Grey Unlocked all carriers -Verizon ATT T-Mobile,Open Box Â· Apple iPhone 8 Â· 64 GB Â· AT&T,$122.99,4.0 out of 5 stars.,8,from United States,"mistyelectronics (131,737) 99.6%"
2021 Unlocked Dual SIM Smartphone Super Cheap For 4.4.2 Android Cell Phone,Brand New,$50.45 to $50.84,0,0,from China,whlovesstore (94) 96%
Google Pixel 6A Android Unlocked Smartphone 128GB - Very Good Condition,Very Good - Refurbished,$184.99,5.0 out of 5 stars.,18,from United States,"dealscaly (134,376) 99%"
Nokia E66 Mobile Phone 3G WIFI Bluetooth 3.15MP Camera - Unlocked,Pre-Owned,$45.00,0,0,from China,easybu-80 (217) 95.6%
Apple iPhone 12 128GB Unlocked Smartphone - Very Good,FREE 2DAY SHIPPING-60DAY RETURNS-1YR ALLSTATE WARRANTY,$314.95,5.0 out of 5 stars.,5,from United States,"bidallies (347,295) 98.7%"
REVVL 6 Pro 5G - Gray - 128GB (T-Mobile/Metro Unlocked) good**,Pre-Owned Â· 128 GB Â· T-Mobile,$84.90,0,0,from United States,"onewizard (18,697) 98.6%"
Samsung Galaxy A52 5G 128GB A526 (T-Mobile) - Excellent,Excellent - Refurbished Â· Samsung Galaxy A52 5G Â· 128 GB Â· T-Mobile,$139.99,4.5 out of 5 stars.,24,from United States,"liquidation_electronics (14,050) 98.6%"
T-Mobile Revvl 6 5G 64GB (T-Mobile Unlocked) Blue - Excellent,Excellent - Refurbished Â· T-Mobile Revvl Â· 64 GB Â· Unlocked,$89.99,4.5 out of 5 stars.,3,from United States,"liquidation_electronics (14,050) 98.6%"
"Samsung Galaxy A23 5G Black 64GB 6.6"" A Series Unlocked T-Mobile Verizon - Good",Pre-Owned,$105.00 to $125.00,0,0,from United States,"teeerashop (3,125) 99.1%"
Apple iPhone 8/ iPhone 8 Plus 256GB 128GB 64GB Unlocked CDMA/GSM IOS 4G,Pre-Owned,$88.00 to $176.00,4.5 out of 5 stars.,13,from United States,"solarcprod (6,506) 97.2%"
APPLE IPHONE 12 5G 128GB 64GB UNLOCKED/AT&T/VERIZON/T-MOBILE/TRACFONE,Pre-Owned,$211.00 to $339.00,0,0,from United States,"solarcprod (6,506) 97.2%"
Samsung Galaxy S10e - 128GB 256GB - Unlocked Verizon AT&T T-Mobile Metro - Good!,Very Good - Refurbished,$124.95 to $164.95,0,0,from United States,"tech-hobbies (4,407) 99.1%"
Samsung Galaxy S9 - S9 Plus - G965U1/G960U1 - T-Mobile/AT&T Or Unlocked - Good,Pre-Owned,$87.99 to $109.99,3.0 out of 5 stars.,2,from United States,"electro-dealz (3,132) 99.1%"
Apple iPhone 14 512GB Factory Unlocked AT&T T-Mobile Verizon Very Good Condition,FREE FEDEX 2 DAY - 60 DAY RETURNS - 1 YEAR WARRANTY,$584.95,5.0 out of 5 stars.,2,from United States,"supplytronics (102,862) 98.8%"
ZTE Cymbal 2 - 4G LTE Flip Smartphone - INTERNATIONAL GSM UNLOCKED/ NOT FOR USA,Open Box Â· ZTE Cymbal 2 Â· 4 GB Â· Bell Mobility,$26.00,4.0 out of 5 stars.,12,from United States,"mobile_tek_usa (16,367) 98.8%"
Apple iPhone SE 3rd Gen 128GB 256GB Verizon AT&T T-Mobile Unlocked (Very Good),Very Good - Refurbished,$189.99 to $349.99,5.0 out of 5 stars.,3,from United States,"wireless-source (5,477) 97%"
Excellent! T-Mobile Unlocked Motorola Razr 5G (2020) Polished Graphite 256GB,Excellent - Refurbished Â· Motorola Razr 5G Â· 256 GB Â· T-Mobile,$285.00,5.0 out of 5 stars.,6,from United States,calipaks-store (476) 98.9%
TCL Flip Go 4058 4058W 8GB GSM Factory Unlocked 4G LTE T-Mobile Smart Flip Phone,Satisfaction Guaranteed~Free Ship~30 Days Free Returns,$49.95,0,0,from United States,"best_deal_today (274,581) 99.3%"
Samsung Galaxy S21 SM-G991U 5G 128GB T-MOBILE | AT&T - Grade B+,Pre-Owned,$174.99,5.0 out of 5 stars.,4,from United States,"dealscaly (134,376) 99%"
Samsung Galaxy A32 5G - 64GB - (Unlocked) Verizon AT&T T-Mobile Metro Cricket,Open Box,$89.95 to $139.95,4.5 out of 5 stars.,31,from United States,"tech-hobbies (4,407) 99.1%"
Samsung Galaxy Note10 256GB SM-N970U1 Unlocked T-Mobile Verizon â˜†NEW NO BOXâ˜†,Open Box Â· Samsung Galaxy Note10 Â· 256 GB Â· Amp'd Mobile,$239.98,4.5 out of 5 stars.,52,from United States,"onlycellphone (25,527) 99.6%"
Cat S62 128GB Black (T-Mobile) - NEW,Brand New Â· 128 GB,$155.99,0,0,from United States,"cellularprofessor (15,202) 99.4%"
UNLOCKED Samsung Galaxy Note 8 N950U LTE Smart Phone / LYCA T-Mobile AT&T  *READ,Pre-Owned Â· Samsung Galaxy Note8 Â· 64 GB Â· AT&T,$52.00,0,0,from United States,"commcentral (63,077) 98%"
 Brand New Nokia 6700s 6700 slide GSM 3G Mobile Phones Unlocked 5MP ,Open Box,$39.00,0,0,from Hong Kong,xmb-123 (333) 97.5%
Apple Iphone 11 Unlocked T-Mobile Cricket 64GB 128GB | *NO FACE ID* | Very Good,Pre-Owned,$189.00 to $229.99,4.0 out of 5 stars.,13,from United States,"miamiwireless (6,170) 98.7%"
Google Pixel 7 - 7 Pro - 128/256 GB - Unlocked/T-Mobile/AT&T/Verizon - Excellent,Ships Same Day - Charger Included - Free Returns,$264.99 to $299.99,5.0 out of 5 stars.,1,from United States,"electro-dealz (3,132) 99.1%"
Apple iPhone 12 128GB Unlocked Smartphone - Good,FREE 2DAY SHIPPING-60DAY RETURNS-1YR ALLSTATE WARRANTY,$299.95,0,0,from United States,"bidallies (347,295) 98.7%"
"Original Sony Xperia XZS G8232 4GB RAM 64GB ROM Mobile Phone 5.2"" 19MP Dual SIM",Brand New,$80.00 to $84.00,5.0 out of 5 stars.,2,from China,rxyamobile (32) 97.1%
"Original Nokia 6101 FM radio CAMERA 2G GSM Flip Mobile Phone 1.8"" Screen",Pre-Owned Â· 4 MB,$31.00,0,0,from China,dream12345 (364) 94.4%
"S23 Ultra Android 16GB 6.8"" Smartphone Unlocked Dual Sim Mobile Phone Supercheap",Brand New,$33.00 to $128.90,0,0,from China,xlmlove (319) 94.1%
Nokia 210 Single / Dual sim unlocked Mobile Phone,Open Box,$34.65 to $37.80,4.0 out of 5 stars.,2,from China,xmb-mobile (270) 97.5%
Samsung Galaxy A71 5G SM-A716U - 128GB - (Unlocked) AT&T T-Mobile Metro Verizon,Open Box,$124.95 to $144.95,4.5 out of 5 stars.,171,from United States,"ideal-mobile (4,311) 99.4%"
Apple iPhone 14 128GB 5G LTE Smartphone - Excellent Condition - Choose Carrier,Excellent - Refurbished,$439.90,0,0,from United States,"addicttech (2,501) 99.7%"
"7.3"" 16GB+1TB Smartphone 5G Android Dual SIM Mobile Phone Cell Phones WiFi OTG",Brand New,$189.99,0,0,from China,amyking (205) 90.5%
Apple iPhone 11 - 64GB - Fully Unlocked ALL CARRIERS - VERY GOOD condition,1 YEAR WARRANTYðŸ”¥60 DAY FREE RETURNSðŸ”¥FREE FEDEX 2 DAY,$234.95,5.0 out of 5 stars.,9,from United States,"gadget-solutions (1,448) 96.7%"
New ListingRead* Apple iPhone 14 - 128GB - Black(T-Mobile) A2649 ~57500,Parts Only Â· Apple iPhone 14 Â· 128 GB Â· T-Mobile,$329.99,5.0 out of 5 stars.,3,from United States,"onewizard (18,697) 98.6%"
NEW Samsung Galaxy S9 SM-G960U1 64GB Factory Unlocked ATT TMobile Verizon & More,Brand New,$158.99,5.0 out of 5 stars.,125,from United States,"mistyelectronics (131,737) 99.6%"
Nokia E71 Cell Phone Grey Steel (Unlocked) Symbian Qwerty 3G Smartphone Mobile,Open Box Â· 128 MB,$37.80,0,0,from China,xmb-mobile (270) 97.5%
Motorola Moto G Pure 2021 32GB XT2163 T-MOBILE | CRICKET | TRACFONE | AT&T GOOD,Good - Refurbished,$29.99,5.0 out of 5 stars.,1,from United States,"dealscaly (134,376) 99%"
Apple iPhone 14 Plus 128GB Factory Unlocked AT&T T-Mobile Verizon Fair Condition,FREE FEDEX 2 DAY DELIVERY NATIONWIDE AND 60 DAY RETURNS,$439.95,5.0 out of 5 stars.,1,from United States,"supplytronics (102,862) 98.8%"
Samsung Galaxy S21 5G 64GB 128GB 256GB Verizon AT&T T-Mobile Unlocked Very Good,Very Good - Refurbished,$205.00 to $219.99,4.5 out of 5 stars.,98,from United States,"wireless-source (5,477) 97%"
Apple iPhone 7 - 32GB 128GB 256GB - Unlocked Verizon AT&T T-Mobile Metro - Good!,Very Good - Refurbished,$84.95 to $119.95,4.5 out of 5 stars.,20,from United States,"tech-hobbies (4,407) 99.1%"
Google Pixel 7 128GB White - Unlocked AT&T T-Mobile Verizon GSM 7575895,Pre-Owned Â· Google Pixel 7 Â· 128 GB Â· Unlocked,$230.00,5.0 out of 5 stars.,7,from United States,"thegizmotrader (83,067) 99.1%"
Nokia 5300  Unlocked Original Working Mobile Phone Bluetooth,Open Box Â· 5 MB Â· Unlocked,$41.00,0,0,from China,we-will-rock-you (104) 98.9%
Apple iPhone 14 Pro Max 128GB Deep Purple (T-Mobile) For Parts READ Description,Parts Only Â· Apple iPhone 14 Pro Max Â· 128 GB Â· AT&T,$315.00,5.0 out of 5 stars.,1,from United States,retrobargins (240) 100%
Apple iPhone 14 Pro 128GB Unlocked AT&T T-Mobile Verizon Good Condition,FREE FEDEX 2 DAY - 60 DAY RETURNS - 1 YEAR WARRANTY,$642.95,5.0 out of 5 stars.,6,from United States,"supplytronics (102,862) 98.8%"
Apple iPhone 14 128GB (Verizon/AT&T/T-Mobile) - Good,Good - Refurbished,$399.99,0,0,from United States,"liquidation_electronics (14,050) 98.6%"
Samsung Galaxy S22+ Plus - 128-256GB - Fully Unlocked - VERY GOOD Condition,Very Good - Refurbished,$349.99 to $389.99,0,0,from United States,"gadget-solutions (1,448) 96.7%"
5049W T Mobile REVVL,Brand New Â· T-Mobile Revvl Â· 32 GB,$45.00,0,0,from United States,"image_spareparts (4,535) 98.9%"
OnePlus 9 5G 128GB (T-Mobile Locked) LE2117 Winter Mist,Pre-Owned Â· OnePlus 9 Â· 128 GB Â· T-Mobile,$140.00,5.0 out of 5 stars.,12,from United States,"jlin21221 (27,457) 99.8%"
New in Box Samsung Galaxy S10 SM-G973 128GB GSM Unlocked for ATT T-Mobile & More,Brand New,$223.99,0,0,from United States,"mistyelectronics (131,737) 99.6%"
Samsung Galaxy S22 ULTRA 5G FACTORY UNLOCKED Smartphone - GOOD,Good - Refurbished,$524.00 to $538.00,0,0,from United States,"mobile_tek_usa (16,367) 98.8%"
95% New Sony Ericsson Xperia X10 mini E10i Cell Black (Unlocked) 3G Mobile Phone,Open Box Â· Sony Ericsson Xperia X10 mini Â· 128 MB Â· Unlocked,$55.00,5.0 out of 5 stars.,1,from China,ipod-mobile (204) 98.9%
NEW SEALED APPLE IPHONE 11 64GB BLACK FOR WALMART FAMILY MOBILE,INCLUDES SIM CARD â€¢ FREE SHIPPING â€¢ 1 YEAR WARRANTY,$239.99,0,0,from United States,"innovee.tech (20,275) 98.9%"
Apple iPhone 12 128GB 64GB Network Unlocked Good Condition,Pre-Owned,$204.00 to $332.00,0,0,from United States,"solarcprod (6,506) 97.2%"
